epoch,sunroof,luggage_carrier,open_cargo_area,enclosed_cab,spare_wheel,wrecked,flatbed,ladder,enclosed_box,soft_shell_box,harnessed_to_a_cart,ac_vents,bus,cement mixer,crane truck,dedicated agricultural vehicle,hatchback,jeep,light truck,minibus,minivan,pickup,prime mover,sedan,tanker,truck,van,large vehicle,small vehicle,black,blue,green,other,red,silver/grey,white,yellow
1,0.03636363636363636,0.0,0.03125,0.0,0.0,0.034482758620689655,0.0,0.0,0.0,0.0,0.0,0.0,0.0,0.0,0.0,0.0,0.1941747572815534,0.09523809523809523,0.0,0.0,0.0,0.0,0.0,0.5062998200051427,0.0,0.0,0.09375,0.0,0.9587654320987654,0.30303030303030304,0.06153846153846154,0.0,0.06666666666666667,0.0,0.32087227414330216,0.5589519650655022,0.0
2,0.0,0.0,0.0,0.0,0.0,0.0,0.0,0.0,0.0,0.0,0.0,0.0,0.0,0.0,0.0,0.0,0.10714285714285714,0.0,0.0,0.0,0.0,0.0,0.0,0.5616236162361624,0.0,0.0,0.0,0.0,0.9589276930644368,0.4625,0.25,0.0,0.0,0.36363636363636365,0.5606217616580311,0.6926620598881211,0.0
3,0.0,0.0,0.0,0.0,0.0,0.0,0.0,0.0,0.0,0.0,0.0,0.0,0.0,0.0,0.0,0.0,0.20754716981132076,0.0,0.0,0.0,0.16666666666666666,0.0,0.0,0.5674201091192518,0.0,0.0,0.14285714285714285,0.5,0.9590405904059041,0.4083969465648855,0.2,0.0,0.0,0.5268817204301075,0.6350649350649351,0.7339642481598317,0.0
4,0.0,0.0,0.0,0.0,0.0,0.0,0.0,0.0,0.0,0.0,0.0,0.0,0.0,0.0,0.0,0.0,0.3424657534246575,0.0,0.0,0.0,0.0,0.0,0.0,0.5757965056526207,0.0,0.0,0.0,0.0,0.9589276930644368,0.3902439024390244,0.0,0.0,0.0,0.49056603773584906,0.6344782890473104,0.743910925539318,0.0
5,0.0,0.0,0.0,0.0,0.0,0.0,0.0,0.0,0.0,0.0,0.0,0.0,0.0,0.0,0.0,0.0,0.5614035087719298,0.0,0.0,0.0,0.0,0.0,0.0,0.653118609406953,0.0,0.0,0.2,0.2857142857142857,0.9591434900319961,0.43956043956043955,0.0,0.0,0.0,0.5428571428571428,0.6341189674523008,0.7569325573433756,0.0
6,0.0,0.0,0.0,0.0,0.0,0.5,0.0,0.0,0.0,0.0,0.0,0.0,0.0,0.0,0.0,0.0,0.5306122448979592,0.0,0.0,0.0,0.0,0.0,0.0,0.6758111316275389,0.0,0.0,0.2857142857142857,0.2,0.9590305118110236,0.5922131147540983,0.6911764705882353,0.0,0.0,0.5522388059701493,0.6649187205034085,0.7790368271954674,0.0
7,0.0,0.0,0.0,0.0,0.0,0.5862068965517241,0.0,0.0,0.0,0.0,0.0,0.0,0.0,0.0,0.0,0.0,0.5008726003490401,0.0,0.0,0.0,0.0,0.0,0.0,0.6738962044926413,0.0,0.0,0.14285714285714285,0.55,0.9601824457593688,0.6486013986013986,0.7014925373134329,0.0,0.0,0.5445026178010471,0.6973747016706444,0.7867898699520877,0.0
8,0.0,0.0,0.0,0.0,0.0,0.6666666666666666,0.0,0.0,0.0,0.0,0.0,0.0,0.0,0.0,0.0,0.0,0.5267558528428093,0.0,0.0,0.0,0.0,0.0,0.0,0.6900417101147028,0.0,0.0,0.125,0.4090909090909091,0.9599260172626387,0.636215334420881,0.7676767676767676,0.0,0.0,0.5767195767195767,0.712594696969697,0.7936184657162254,0.5
9,0.0,0.0,0.0,0.0,0.0,0.5142857142857142,0.0,0.0,0.0,0.0,0.0,0.0,0.0,0.0,0.0,0.0,0.5507020280811232,0.0,0.0,0.0,0.0,0.0,0.0,0.7006083046813012,0.0,0.0,0.0,0.5555555555555556,0.960069016514666,0.6133333333333333,0.7351598173515982,0.0,0.0,0.6476190476190476,0.6851762433606953,0.7951388888888888,0.46153846153846156
10,0.0,0.0,0.0,0.0,0.0,0.7142857142857143,0.0,0.0,0.0,0.0,0.0,0.0,0.0,0.0,0.0,0.0,0.5623441396508728,0.0,0.0,0.0,0.3333333333333333,0.0,0.0,0.7205803331542182,0.0,0.0,0.4,0.5135135135135135,0.9609683794466403,0.6699029126213593,0.7787610619469026,0.0,0.0,0.6764705882352942,0.7156726768377254,0.8017832647462277,0.6190476190476191
11,0.0,0.0,0.0,0.0,0.0,0.6076923076923076,0.0,0.0,0.0,0.0,0.0,0.0,0.0,0.0,0.0,0.0,0.5754614549402823,0.0,0.0,0.0,1.0,0.0,0.0,0.734263820470717,0.0,0.0,0.1875,0.5740740740740741,0.9624907155236445,0.661993769470405,0.7603686635944701,0.0,0.0,0.6322869955156951,0.7211101000909919,0.8144750254841998,0.6346153846153846
12,0.0,0.0,0.0,0.0,0.0,0.6975308641975309,0.0,0.0,0.6,0.0,0.0,0.0,0.0,0.0,0.0,0.0,0.582089552238806,0.0,0.0,0.0,0.25,0.0,0.0,0.7397480568212276,0.0,0.25,0.3888888888888889,0.7096774193548387,0.9640644361833953,0.7009646302250804,0.7675438596491229,0.0,0.0,0.6966292134831461,0.741026805997274,0.8218448218448219,0.6415094339622641
13,0.0,0.0,0.0,0.0,0.0,0.6650485436893204,0.0,0.0,0.0,0.0,0.0,0.0,1.0,0.0,0.0,0.0,0.57631822386679,0.0,0.0,0.0,0.0,0.0,0.0,0.749378281293175,0.0,0.5,0.3125,0.6739130434782609,0.9662893394700833,0.6955177743431221,0.7963800904977375,0.0,0.0,0.74,0.7647861692447679,0.8242718446601942,0.7763157894736842
14,1.0,0.0,0.0,0.0,0.0,0.6948356807511737,0.0,0.0,0.75,0.0,0.0,1.0,0.6666666666666666,0.0,0.0,0.0,0.5988125530110263,0.0,0.0,0.0,0.3333333333333333,0.0,0.0,0.7714677640603567,0.0,0.5,0.4666666666666667,0.6929133858267716,0.9693903048475763,0.7112135176651305,0.7768595041322314,0.0,0.0,0.7723577235772358,0.7533998186763372,0.8255224825839139,0.7297297297297297
15,0.5277777777777778,0.0,0.0,0.0,0.0,0.688034188034188,0.0,0.0,0.25,0.0,0.0,0.0,0.5,0.0,0.0,0.0,0.5938223938223938,0.0,0.0,0.0,0.6666666666666666,0.0,0.0,0.7784998646087192,0.0,0.47058823529411764,0.5,0.7163120567375887,0.9708421974721562,0.7311320754716981,0.768,0.0,0.0,0.8264462809917356,0.7689859026830378,0.8263207845618475,0.7802197802197802
16,0.7380952380952381,0.0,0.0,0.0,0.0,0.7183673469387755,0.0,0.0,0.36363636363636365,0.0,0.0,0.0,0.5,0.0,0.0,0.0,0.6070038910505836,0.0,0.0,0.0,0.0,0.0,0.0,0.7955617198335645,0.0,0.6,0.6875,0.7218543046357616,0.9719298245614035,0.7534039334341907,0.7704918032786885,0.0,0.0,0.8735177865612648,0.7662278710848842,0.8375156838143036,0.7596153846153846
17,0.6690647482014388,0.0,0.0,0.0,0.0,0.7167235494880546,0.0,0.0,0.38461538461538464,0.0,0.0,0.6666666666666666,0.4,0.0,0.0,0.0,0.6020015396458814,0.0,1.0,0.0,0.16666666666666666,0.75,0.0,0.7997183098591549,0.0,0.6111111111111112,0.40540540540540543,0.7759562841530054,0.9759718203547616,0.7229629629629629,0.7952755905511811,0.0,0.0,0.892,0.7773242630385487,0.839258114374034,0.7745098039215687
18,0.7445652173913043,0.0,0.0,0.0,0.0,0.7346278317152104,0.3333333333333333,0.0,0.3125,0.0,0.0,1.0,1.0,0.0,0.0,0.0,0.6070150322118826,1.0,0.0,0.0,0.625,0.625,0.0,0.8052413793103448,0.0,0.4838709677419355,0.5161290322580645,0.7918781725888325,0.9778085991678225,0.7480916030534351,0.7764705882352941,0.0,0.0,0.9105691056910569,0.7698915009041591,0.8412895226286423,0.8118811881188119
19,0.7579908675799086,0.0,0.6666666666666666,1.0,0.0,0.7704402515723271,0.6,0.0,0.4117647058823529,0.0,0.0,0.0,0.25,0.0,0.0,0.0,0.6262763784887678,0.29411764705882354,0.0,0.0,0.5,0.7391304347826086,0.0,0.8140293637846656,0.0,0.5757575757575758,0.42,0.7873303167420814,0.9795273600404398,0.7511244377811095,0.7936507936507936,0.0,0.0,0.8846153846153846,0.7700132684652808,0.8423312883435583,0.7980769230769231
20,0.7851239669421488,0.0,0.6666666666666666,0.6,0.0,0.7625,0.2857142857142857,0.0,0.47058823529411764,0.0,0.0,0.25,0.375,0.0,0.0,0.0,0.6229852838121934,0.6666666666666666,0.4,0.0,0.2,0.6296296296296297,0.0,0.8176914778856527,0.0,0.5625,0.6103896103896104,0.7906976744186046,0.9794061907770056,0.7607361963190185,0.8007518796992481,0.0,0.0,0.896551724137931,0.7794848621780388,0.8459409594095941,0.8230088495575221
21,0.8129251700680272,0.0,1.0,0.5,0.0,0.713091922005571,0.375,0.0,0.35714285714285715,0.0,0.0,0.75,0.6,0.0,0.0,0.0,0.6411451398135819,0.55,0.3333333333333333,0.0,0.625,0.7272727272727273,0.0,0.8252996005326232,0.0,0.4166666666666667,0.625,0.7897196261682243,0.979403588577205,0.7582089552238805,0.7835051546391752,0.0,0.5,0.9118773946360154,0.7701808557565064,0.8479802651865557,0.8125
22,0.8456591639871383,0.0,0.75,0.5714285714285714,0.0,0.7322834645669292,0.65,0.0,0.28,0.0,0.0,0.625,0.75,0.0,0.0,0.0,0.6470588235294118,0.5833333333333334,0.3333333333333333,0.0,0.16666666666666666,0.7735849056603774,0.0,0.8321323725647184,0.0,0.5892857142857143,0.6515151515151515,0.8445378151260504,0.9831517608310109,0.7659883720930233,0.8086642599277978,0.0,1.0,0.926923076923077,0.7836879432624113,0.8547641073080481,0.8738738738738738
23,0.8303571428571429,0.0,0.7619047619047619,0.5,0.0,0.7275064267352185,0.4166666666666667,0.0,0.45,0.0,0.0,0.5,0.7,0.0,0.0,0.0,0.6476072094468615,0.47368421052631576,0.5416666666666666,0.0,0.5,0.7142857142857143,0.0,0.8442184154175589,0.0,0.6170212765957447,0.7473684210526316,0.8442622950819673,0.9837707620134398,0.7776162790697675,0.8149466192170819,0.0,0.0,0.9384615384615385,0.787085514834206,0.8602150537634409,0.8512396694214877
24,0.8490028490028491,0.0,0.72,0.5,0.5,0.7430025445292621,0.5,0.0,0.65,0.0,0.0,0.4444444444444444,0.7692307692307693,0.0,0.0,0.0,0.6545342381246144,0.5,0.4375,0.0,0.4583333333333333,0.8450704225352113,0.0,0.853848216680075,0.0,0.6481481481481481,0.6145833333333334,0.856,0.9848984771573605,0.7781065088757396,0.8241379310344827,0.0,0.4,0.924812030075188,0.7891963109354414,0.8598842522083461,0.8738738738738738
25,0.8728323699421965,0.5,0.5833333333333334,0.5833333333333334,0.0,0.7608695652173914,0.7692307692307693,0.0,0.5161290322580645,0.0,0.0,0.8,0.8,0.0,0.0,0.0,0.6561004784688995,0.6271186440677966,0.6818181818181818,0.0,0.4074074074074074,0.6944444444444444,0.0,0.8519210245464247,0.0,0.5178571428571429,0.673469387755102,0.8352490421455939,0.9852623554821497,0.7652173913043478,0.8054607508532423,0.0,0.8333333333333334,0.9473684210526315,0.8004434589800443,0.8673813169984687,0.8429752066115702
26,0.8297872340425532,1.0,0.7073170731707317,0.7777777777777778,0.0,0.7683215130023641,0.52,0.0,0.5,0.0,0.0,0.5555555555555556,0.6153846153846154,0.0,0.0,0.0,0.6732142857142858,0.5681818181818182,0.5416666666666666,0.0,0.4166666666666667,0.7849462365591398,1.0,0.8518321826872013,0.0,0.6166666666666667,0.6666666666666666,0.8700787401574803,0.9856526155408837,0.7851959361393324,0.8151815181518152,0.0,0.14285714285714285,0.9288256227758007,0.7962722149978326,0.8755760368663594,0.8672566371681416
27,0.8785310734463276,0.6,0.7333333333333333,0.7142857142857143,0.5,0.8,0.6086956521739131,0.0,0.6486486486486487,0.0,0.0,0.375,0.4375,0.0,0.0,0.0,0.6662700773349197,0.5,0.5714285714285714,0.0,0.5909090909090909,0.7570093457943925,0.0,0.8656557595105081,0.0,0.6027397260273972,0.6574074074074074,0.8708487084870848,0.9875349783770033,0.7928057553956834,0.8092105263157895,0.0,0.5454545454545454,0.9456521739130435,0.7999144933732364,0.8681018799272286,0.8869565217391304
28,0.8604060913705583,0.8888888888888888,0.7948717948717948,0.7916666666666666,0.5,0.7847533632286996,0.75,0.0,0.5714285714285714,0.0,0.0,0.6923076923076923,0.7692307692307693,0.0,0.0,0.0,0.6793321819228555,0.625,0.48148148148148145,0.0,0.6923076923076923,0.794392523364486,0.0,0.8670198675496689,0.0,0.6811594202898551,0.6585365853658537,0.8687943262411347,0.9887883806854376,0.7922077922077922,0.7922077922077922,0.0,0.5555555555555556,0.9452554744525548,0.8043946574752262,0.8847926267281107,0.8515625
29,0.8819095477386935,0.8888888888888888,0.7551020408163265,0.8484848484848485,0.8571428571428571,0.8,0.5769230769230769,0.0,0.5454545454545454,0.0,0.0,0.6875,0.75,0.0,0.0,0.0,0.6838193253287593,0.6235294117647059,0.5666666666666667,0.0,0.525,0.8333333333333334,0.0,0.8661065896560777,0.0,0.6436781609195402,0.71900826446281,0.8954703832752613,0.9901823281907434,0.8025210084033614,0.8264984227129337,0.0,0.38095238095238093,0.9323308270676691,0.8096261280618823,0.8881680568427557,0.8870967741935484
30,0.8737373737373737,0.6666666666666666,0.8113207547169812,0.6896551724137931,1.0,0.8043478260869565,0.7,0.0,0.5333333333333333,0.0,0.0,0.9,0.7777777777777778,0.0,0.0,0.0,0.7031076581576027,0.5473684210526316,0.5675675675675675,0.0,0.5510204081632653,0.8347107438016529,0.0,0.8783320137239378,0.0,0.684931506849315,0.6796875,0.867595818815331,0.9891650732950924,0.8017366136034733,0.832807570977918,0.0,0.5,0.948905109489051,0.8156089193825042,0.8870819269714636,0.8869565217391304
31,0.8939393939393939,0.6666666666666666,0.8225806451612904,0.5757575757575758,0.7,0.8151950718685832,0.6071428571428571,0.0,0.6486486486486487,0.0,0.0,0.7333333333333333,0.8125,0.0,0.0,0.0,0.6832680470061556,0.5714285714285714,0.6388888888888888,0.0,0.46153846153846156,0.823076923076923,0.0,0.880127017729558,0.0,0.6444444444444445,0.7218045112781954,0.9061371841155235,0.9894334818586887,0.8258345428156749,0.8251533742331288,0.0,0.5384615384615384,0.9257950530035336,0.8213820078226858,0.8935056940597107,0.896
32,0.9081885856079405,0.8888888888888888,0.7945205479452054,0.7222222222222222,0.625,0.7735470941883767,0.5333333333333333,0.0,0.5789473684210527,0.0,0.0,0.8333333333333334,0.8421052631578947,0.0,0.0,0.0,0.7109634551495017,0.6078431372549019,0.6226415094339622,0.0,0.5967741935483871,0.8389261744966443,0.0,0.8881248346998148,0.0,0.6896551724137931,0.6818181818181818,0.8904109589041096,0.9906875877025131,0.8055555555555556,0.8128654970760234,1.0,0.47368421052631576,0.9424460431654677,0.8219533275713051,0.8872638634978671,0.8790322580645161
33,0.912621359223301,0.6785714285714286,0.7763157894736842,0.8461538461538461,0.7777777777777778,0.8090551181102362,0.6111111111111112,0.0,0.5909090909090909,0.0,0.0,0.8333333333333334,0.8888888888888888,1.0,0.0,0.0,0.7263329706202394,0.5968992248062015,0.627906976744186,0.0,0.4745762711864407,0.8227848101265823,0.0,0.8919915700737618,0.0,0.5638297872340425,0.7027027027027027,0.9113475177304965,0.9900662251655629,0.8198074277854195,0.8348623853211009,0.0,0.6851851851851852,0.9626865671641791,0.8269720101781171,0.9018763457397724,0.8809523809523809
34,0.897196261682243,0.6333333333333333,0.8275862068965517,0.7272727272727273,0.8333333333333334,0.8365384615384616,0.6585365853658537,0.0,0.6052631578947368,0.0,0.0,0.76,0.75,0.5,0.0,0.0,0.7249736564805058,0.6016949152542372,0.7068965517241379,1.0,0.6610169491525424,0.847953216374269,0.0,0.8963175763907025,0.0,0.7333333333333333,0.7333333333333333,0.9328859060402684,0.9928525845564773,0.8221288515406162,0.7960893854748603,1.0,0.5844155844155844,0.9460431654676259,0.8357758620689655,0.901468788249694,0.9024390243902439
35,0.8941176470588236,0.84,0.8235294117647058,0.6341463414634146,0.5625,0.8187134502923976,0.6388888888888888,0.0,0.5434782608695652,0.0,0.0,0.76,0.8181818181818182,1.0,0.0,0.0,0.7367576243980738,0.6540880503144654,0.72,1.0,0.6388888888888888,0.863905325443787,0.0,0.8987473903966597,0.0,0.6702127659574468,0.7289156626506024,0.9536423841059603,0.9939982122334312,0.8221288515406162,0.8584070796460177,0.75,0.6521739130434783,0.9454545454545454,0.8276154171961033,0.9047619047619048,0.8661417322834646
36,0.8983833718244804,0.7619047619047619,0.813953488372093,0.7619047619047619,0.7857142857142857,0.8323586744639376,0.7105263157894737,0.0,0.6530612244897959,0.0,0.0,0.7241379310344828,0.7619047619047619,1.0,0.0,0.0,0.7277486910994765,0.6496815286624203,0.639344262295082,1.0,0.6666666666666666,0.8531073446327684,1.0,0.8929490478641277,0.0,0.6923076923076923,0.7567567567567568,0.91,0.9922114402451481,0.8268698060941828,0.8421052631578947,0.8333333333333334,0.7,0.95,0.8357446808510638,0.9053345667591736,0.9015151515151515
37,0.8959276018099548,0.8461538461538461,0.813953488372093,0.7884615384615384,0.7368421052631579,0.8460076045627376,0.5675675675675675,0.0,0.5909090909090909,0.5,0.0,0.8181818181818182,0.9473684210526315,0.6666666666666666,0.0,0.0,0.7376705141657922,0.6573426573426573,0.7407407407407407,0.6666666666666666,0.6203703703703703,0.8797814207650273,0.0,0.8972585190878811,0.0,0.7040816326530612,0.70625,0.9087837837837838,0.9918315252074027,0.8226466575716235,0.8383561643835616,0.8571428571428571,0.6170212765957447,0.9494584837545126,0.8384518300378628,0.91495965238982,0.8923076923076924
38,0.9129464285714286,0.68,0.7835051546391752,0.7592592592592593,0.8947368421052632,0.8475836431226765,0.7272727272727273,0.0,0.6481481481481481,0.6666666666666666,0.0,0.782608695652174,0.8181818181818182,0.8571428571428571,0.0,0.0,0.7497446373850868,0.6577540106951871,0.703125,0.5,0.6442307692307693,0.8663366336633663,0.0,0.9107096098455093,0.0,0.6767676767676768,0.7547169811320755,0.9306930693069307,0.9933571793561574,0.8453188602442334,0.8242894056847545,0.8888888888888888,0.6,0.9532374100719424,0.8419258628035791,0.9117194709320209,0.8880597014925373
39,0.8984881209503239,0.7083333333333334,0.8532110091743119,0.828125,0.6666666666666666,0.8687615526802218,0.55,0.0,0.6590909090909091,1.0,0.0,0.8148148148148148,0.9130434782608695,1.0,0.0,0.0,0.7483134405812143,0.6615384615384615,0.7419354838709677,0.6666666666666666,0.6173913043478261,0.8820754716981132,0.0,0.9138198757763976,0.0,0.7647058823529411,0.7735849056603774,0.9477124183006536,0.9943777153079478,0.8319783197831978,0.8297297297297297,0.7857142857142857,0.6260162601626016,0.9566787003610109,0.8542648949849978,0.9145299145299145,0.8686131386861314
40,0.9155555555555556,0.734375,0.8421052631578947,0.7222222222222222,0.6818181818181818,0.8526119402985075,0.6756756756756757,0.0,0.6382978723404256,0.3333333333333333,0.0,0.7857142857142857,0.84,0.8888888888888888,0.0,0.0,0.7667004048582996,0.681592039800995,0.765625,0.75,0.6528925619834711,0.8409090909090909,0.0,0.9188134270101483,0.0,0.7608695652173914,0.7391304347826086,0.9352750809061489,0.9942477310494695,0.8466947960618847,0.8233766233766234,0.7333333333333333,0.674074074074074,0.9466192170818505,0.8510727808161548,0.9194341943419434,0.8863636363636364
41,0.9175475687103594,0.7903225806451613,0.8888888888888888,0.7681159420289855,0.7407407407407407,0.8622540250447227,0.6341463414634146,0.0,0.6792452830188679,0.3333333333333333,0.0,0.7586206896551724,0.8571428571428571,1.0,0.0,0.0,0.7710420841683366,0.7222222222222222,0.7761194029850746,0.8333333333333334,0.688,0.8851063829787233,0.0,0.9213512119649304,0.0,0.7474747474747475,0.7696969696969697,0.9673202614379085,0.9951443904932277,0.8600543478260869,0.825,0.8235294117647058,0.7290322580645161,0.95,0.8617609527860485,0.9289012003693444,0.9103448275862069
42,0.9127659574468086,0.6470588235294118,0.8559322033898306,0.7702702702702703,0.7777777777777778,0.8641304347826086,0.7142857142857143,0.0,0.6792452830188679,0.5,0.0,0.8787878787878788,0.8461538461538461,1.0,0.0,0.0,0.781,0.6824034334763949,0.8513513513513513,0.875,0.6666666666666666,0.8803418803418803,0.0,0.9248910535760062,0.0,0.7596153846153846,0.8214285714285714,0.9519230769230769,0.9952679370763525,0.845108695652174,0.8299492385786802,0.7727272727272727,0.6258503401360545,0.9528985507246377,0.866779089376054,0.93343653250774,0.9172932330827067
43,0.9134020618556701,0.7307692307692307,0.8015873015873016,0.8591549295774648,0.8235294117647058,0.8936170212765957,0.7142857142857143,0.0,0.75,0.625,0.0,0.90625,0.9565217391304348,0.8571428571428571,0.0,0.0,0.7972372964972866,0.7556390977443609,0.8227848101265823,0.8888888888888888,0.6971830985915493,0.8888888888888888,0.3333333333333333,0.9301489470980996,0.0,0.780952380952381,0.8379888268156425,0.9839228295819936,0.9965473145780052,0.8676470588235294,0.8676122931442081,0.8888888888888888,0.6282722513089005,0.9535714285714286,0.8668341708542714,0.9249621785173979,0.9027777777777778
44,0.9158110882956879,0.7647058823529411,0.8244274809160306,0.8533333333333334,0.7297297297297297,0.8932384341637011,0.75,0.0,0.6984126984126984,1.0,0.0,0.8611111111111112,0.9565217391304348,0.6666666666666666,0.0,0.0,0.8054474708171206,0.7535211267605634,0.8072289156626506,0.9,0.6946107784431138,0.896414342629482,0.5,0.9378385349497034,0.0,0.6915887850467289,0.772020725388601,0.9676375404530745,0.9955254410636666,0.8798920377867746,0.8694581280788177,0.7666666666666667,0.6956521739130435,0.9618055555555556,0.8721709974853311,0.9366003062787136,0.916083916083916
45,0.898989898989899,0.7228915662650602,0.8854961832061069,0.8271604938271605,0.8,0.8701067615658363,0.7111111111111111,0.0,0.6896551724137931,0.25,0.0,0.8421052631578947,0.9583333333333334,0.8888888888888888,0.0,0.0,0.8183603338242513,0.7188612099644128,0.8024691358024691,0.8571428571428571,0.702247191011236,0.9259259259259259,0.0,0.9322250639386189,0.0,0.826530612244898,0.8385416666666666,0.9650793650793651,0.9961622105667136,0.8736842105263158,0.8534278959810875,0.88,0.7320574162679426,0.9392857142857143,0.8756779307467668,0.937155119558553,0.9027777777777778
46,0.9411764705882353,0.8061224489795918,0.841726618705036,0.8552631578947368,0.723404255319149,0.8754448398576512,0.8888888888888888,0.0,0.7272727272727273,0.6666666666666666,0.0,0.8648648648648649,0.8695652173913043,0.7272727272727273,0.0,0.0,0.8257059396299903,0.7587209302325582,0.8433734939759037,0.8571428571428571,0.7150537634408602,0.8961538461538462,1.0,0.9428865448932339,0.0,0.7522935779816514,0.8527918781725888,0.9652996845425867,0.9965446634246224,0.8912466843501327,0.8886255924170616,0.84,0.7607655502392344,0.9575971731448764,0.8924640135478408,0.9354147535965718,0.8827586206896552
47,0.9425051334702259,0.7181818181818181,0.855072463768116,0.8235294117647058,0.7872340425531915,0.8951890034364262,0.7142857142857143,0.0,0.7536231884057971,0.75,0.0,0.8529411764705882,0.9642857142857143,0.7272727272727273,0.0,0.0,0.8365477338476374,0.7484662576687117,0.875,0.7777777777777778,0.7213114754098361,0.89453125,0.5,0.943031536113937,0.0,0.780952380952381,0.8140703517587939,0.9813664596273292,0.9975675329663295,0.8840970350404312,0.8571428571428571,0.7878787878787878,0.7521739130434782,0.9678571428571429,0.8918238993710692,0.9449738702735936,0.9370629370629371
48,0.9294354838709677,0.7758620689655172,0.8827586206896552,0.8556701030927835,0.7424242424242424,0.9065255731922398,0.7608695652173914,0.0,0.7647058823529411,0.7272727272727273,0.0,0.8857142857142857,0.8846153846153846,0.9,0.0,0.0,0.8460417678484702,0.8017751479289941,0.8641975308641975,0.9,0.7342995169082126,0.9148148148148149,0.5714285714285714,0.9415219611848825,0.0,0.822429906542056,0.8622448979591837,0.9903536977491961,0.9966756169287815,0.8848167539267016,0.8927738927738927,0.7666666666666667,0.7410358565737052,0.958904109589041,0.8876826722338205,0.9420825631546519,0.9047619047619048
49,0.9135559921414538,0.765625,0.8680555555555556,0.8977272727272727,0.7580645161290323,0.9165247018739353,0.7317073170731707,0.0,0.7714285714285715,0.6666666666666666,0.0,0.8,0.9583333333333334,0.8888888888888888,0.0,0.0,0.8703522504892368,0.7946666666666666,0.8314606741573034,0.8181818181818182,0.7536945812807881,0.9242424242424242,0.75,0.9481652553246087,0.0,0.8411214953271028,0.8743961352657005,0.967948717948718,0.9959074050390075,0.9010695187165776,0.8719101123595505,0.7777777777777778,0.774074074074074,0.9577464788732394,0.9029535864978903,0.9489953632148377,0.9256756756756757
50,0.9384920634920635,0.7956204379562044,0.8896103896103896,0.8333333333333334,0.71875,0.9120135363790186,0.7857142857142857,0.0,0.7361111111111112,0.75,0.0,0.8648648648648649,0.9259259259259259,1.0,0.0,0.0,0.8666340986809966,0.7777777777777778,0.8539325842696629,0.8333333333333334,0.7467248908296943,0.927536231884058,0.7272727272727273,0.9506361323155216,0.0,0.8073394495412844,0.8780487804878049,0.9748427672955975,0.9969285897107756,0.8941935483870967,0.8926940639269406,0.84375,0.7578947368421053,0.9548611111111112,0.9218019549511263,0.9518700183936235,0.9387755102040817
51,0.9382239382239382,0.8043478260869565,0.9019607843137255,0.8673469387755102,0.8356164383561644,0.9067796610169492,0.8780487804878049,0.0,0.8,0.7142857142857143,0.0,0.8648648648648649,1.0,0.9230769230769231,0.0,0.0,0.8763990267639903,0.7578692493946732,0.8777777777777778,0.8333333333333334,0.799163179916318,0.9187279151943463,0.7142857142857143,0.9511155678114815,0.0,0.8348623853211009,0.8482142857142857,0.9871794871794872,0.9966751918158567,0.90625,0.8785249457700651,0.9,0.7940199335548173,0.975177304964539,0.9192938209331651,0.9590012330456227,0.9470198675496688
52,0.9328214971209213,0.7894736842105263,0.910958904109589,0.8526315789473684,0.7534246575342466,0.8998302207130731,0.8181818181818182,0.0,0.7361111111111112,0.8,0.0,0.8974358974358975,0.96,0.8888888888888888,0.0,0.0,0.8708133971291866,0.7976470588235294,0.9444444444444444,1.0,0.8064516129032258,0.9110320284697508,0.7,0.9471707561342013,0.0,0.8495575221238938,0.8685446009389671,0.9719626168224299,0.9971834592241711,0.9083665338645418,0.8893805309734514,0.7906976744186046,0.8083067092651757,0.9754385964912281,0.9236577181208053,0.9556031843233312,0.9294871794871795
53,0.9410609037328095,0.8397435897435898,0.8933333333333333,0.8785046728971962,0.7714285714285715,0.924114671163575,0.7567567567567568,0.0,0.76,0.6666666666666666,0.0,0.9210526315789473,0.9259259259259259,0.8888888888888888,0.0,0.0,0.8868194842406877,0.8395348837209302,0.8977272727272727,0.9166666666666666,0.7518518518518519,0.9247311827956989,0.75,0.9526342451874367,0.0,0.8727272727272727,0.8545454545454545,0.9743589743589743,0.9961631922240696,0.9281984334203656,0.9141630901287554,0.8085106382978723,0.8452012383900929,0.9683098591549296,0.9205353408615642,0.9520903265181568,0.948051948051948
54,0.9339622641509434,0.8205128205128205,0.8947368421052632,0.8785046728971962,0.8428571428571429,0.9312080536912751,0.8536585365853658,0.0,0.84,0.875,0.0,0.8333333333333334,0.9615384615384616,1.0,0.0,0.0,0.9022051773729626,0.8488888888888889,0.8775510204081632,0.7692307692307693,0.8248175182481752,0.9473684210526315,0.9090909090909091,0.9505522088353414,0.0,0.8888888888888888,0.9124423963133641,0.9841772151898734,0.997057318321392,0.929305912596401,0.9323144104803494,0.8367346938775511,0.7917888563049853,0.9651567944250871,0.934654300168634,0.9567219152854513,0.9545454545454546
55,0.9637404580152672,0.8620689655172413,0.9225806451612903,0.8558558558558559,0.8148148148148148,0.9163879598662207,0.8478260869565217,0.0,0.8428571428571429,0.7272727272727273,0.0,0.9487179487179487,1.0,0.8,0.0,0.0,0.9114533205004812,0.8408602150537634,0.8631578947368421,1.0,0.7630662020905923,0.9399293286219081,0.7,0.954420235411971,0.0,0.926605504587156,0.8602620087336245,0.9810725552050473,0.9970569417786308,0.9327176781002638,0.9216101694915254,0.9111111111111111,0.835820895522388,0.9824561403508771,0.9270746018440905,0.9558146670757901,0.9423076923076923
56,0.9397363465160076,0.8457446808510638,0.9006211180124224,0.8490566037735849,0.8076923076923077,0.931438127090301,0.9130434782608695,0.0,0.8378378378378378,0.7,0.0,0.95,1.0,1.0,0.0,0.0,0.9009051929490234,0.8308668076109936,0.9456521739130435,1.0,0.8075601374570447,0.9403508771929825,0.9090909090909091,0.9547738693467337,0.0,0.8715596330275229,0.8933333333333333,0.9749216300940439,0.9970565651394933,0.9395886889460154,0.9207708779443254,0.9090909090909091,0.8428571428571429,0.9688581314878892,0.9408033826638478,0.9679605668515096,0.948051948051948
57,0.9684014869888475,0.8306010928961749,0.9135802469135802,0.8869565217391304,0.7840909090909091,0.924496644295302,0.8043478260869565,0.0,0.8428571428571429,0.7272727272727273,1.0,0.972972972972973,0.9615384615384616,1.0,1.0,0.0,0.9268642447418738,0.8838174273858921,0.898989898989899,0.9230769230769231,0.86084142394822,0.9152542372881356,0.6923076923076923,0.9624436654982473,0.0,0.9196428571428571,0.9140271493212669,0.9875,0.9976958525345622,0.9365284974093264,0.9404255319148936,0.8723404255319149,0.8681318681318682,0.9859649122807017,0.9442348008385745,0.9599757428744694,0.9415584415584416
58,0.9388888888888889,0.8756756756756757,0.9371069182389937,0.9292035398230089,0.8395061728395061,0.9411764705882353,0.9,0.0,0.8048780487804879,1.0,0.0,0.9230769230769231,0.9615384615384616,1.0,0.0,0.0,0.9348659003831418,0.8742632612966601,0.9375,0.7692307692307693,0.8466453674121406,0.9409722222222222,0.8,0.9604802401200601,0.0,0.8813559322033898,0.905829596412556,0.978125,0.9971841802124664,0.9395886889460154,0.9435146443514645,0.875,0.8932584269662921,0.972318339100346,0.9343645484949833,0.9583715947352311,0.9681528662420382
59,0.9562043795620438,0.8769230769230769,0.9567901234567902,0.9482758620689655,0.7872340425531915,0.9538714991762768,0.9047619047619048,0.0,0.8333333333333334,0.8125,1.0,0.9487179487179487,0.9642857142857143,1.0,1.0,0.0,0.9329501915708812,0.8599605522682445,0.9072164948453608,0.9230769230769231,0.8711656441717791,0.9691780821917808,0.8461538461538461,0.9616060225846926,0.0,0.8991596638655462,0.9375,0.984375,0.9975678443420379,0.9432989690721649,0.9408033826638478,0.9272727272727272,0.8864864864864865,0.9858156028368794,0.9551417689377909,0.9686262564727384,0.9358974358974359
60,0.9544626593806922,0.8585365853658536,0.9320987654320988,0.9401709401709402,0.8297872340425532,0.9433333333333334,0.8695652173913043,0.0,0.8378378378378378,0.8333333333333334,0.0,0.9487179487179487,1.0,0.9166666666666666,1.0,0.5,0.9411201531833413,0.9027237354085603,0.90625,0.9230769230769231,0.8909090909090909,0.9630872483221476,0.9375,0.9651046859421735,0.0,0.8888888888888888,0.9466666666666667,0.9844236760124611,0.9976955575470491,0.9611901681759379,0.9417879417879418,0.9298245614035088,0.9081081081081082,0.9652777777777778,0.9517671517671518,0.9693439607602697,0.9668874172185431
61,0.9532374100719424,0.8656716417910447,0.9570552147239264,0.9259259259259259,0.8764044943820225,0.9349593495934959,0.9333333333333333,0.0,0.8823529411764706,0.8333333333333334,1.0,0.9459459459459459,0.8928571428571429,1.0,0.6666666666666666,0.0,0.9328605200945627,0.8953488372093024,0.9375,0.8461538461538461,0.8814589665653495,0.9206896551724137,1.0,0.9670191339375629,0.0,0.9090909090909091,0.9264069264069265,0.9688473520249221,0.9969278033794163,0.9451530612244898,0.9557894736842105,0.9148936170212766,0.8943089430894309,0.9825174825174825,0.9453255425709516,0.964068209500609,0.94375
62,0.9623655913978495,0.8915094339622641,0.9401197604790419,0.9173553719008265,0.9,0.9592169657422512,0.8958333333333334,0.0,0.8390804597701149,0.8947368421052632,1.0,0.9705882352941176,1.0,0.9090909090909091,1.0,0.0,0.950929013816103,0.8949343339587242,0.8952380952380953,1.0,0.9176136363636364,0.9693877551020408,0.9285714285714286,0.9777496839443742,0.0,0.9396551724137931,0.9188034188034188,1.0,0.9971867007672635,0.9730423620025674,0.955193482688391,0.9516129032258065,0.9095477386934674,0.9827586206896551,0.9535269709543569,0.9771181199752629,0.95
63,0.9306049822064056,0.9140271493212669,0.9520958083832335,0.943089430894309,0.8640776699029126,0.9648829431438127,0.9333333333333333,0.0,0.8674698795180723,0.8235294117647058,1.0,0.9512195121951219,1.0,1.0,1.0,1.0,0.959696538643907,0.9202226345083488,0.9494949494949495,1.0,0.9350282485875706,0.9933110367892977,0.9375,0.9801980198019802,0.0,0.9310344827586207,0.9377593360995851,0.9937694704049844,0.9982074263764404,0.9629156010230179,0.9693877551020408,0.8709677419354839,0.9402597402597402,0.9895104895104895,0.9715719063545151,0.9776279497395035,0.9493670886075949
64,0.9763636363636363,0.8995433789954338,0.9349112426035503,0.9576271186440678,0.8367346938775511,0.9420529801324503,0.9787234042553191,0.0,0.7738095238095238,0.8888888888888888,1.0,0.9230769230769231,1.0,0.9166666666666666,0.6,0.0,0.9389204545454546,0.9087523277467412,0.979381443298969,1.0,0.8954802259887006,0.9730639730639731,0.9411764705882353,0.968149646107179,0.0,0.8842975206611571,0.9519650655021834,0.9781931464174455,0.9973118279569892,0.9587096774193549,0.9547325102880658,0.9830508474576272,0.9189873417721519,0.9896907216494846,0.9613305613305614,0.9763876111622202,0.9556962025316456
65,0.9695885509838998,0.9366515837104072,0.9457831325301205,0.925,0.9108910891089109,0.9527687296416938,0.9523809523809523,0.0,0.898876404494382,0.9411764705882353,1.0,0.9487179487179487,0.9642857142857143,1.0,0.6666666666666666,0.0,0.9486333647502356,0.9,0.9494949494949495,0.9090909090909091,0.9323943661971831,0.9417808219178082,1.0,0.9738627795928625,1.0,0.9380530973451328,0.9344262295081968,0.990625,0.9978238607270865,0.9720457433290979,0.9591002044989775,0.9649122807017544,0.9175,0.9794520547945206,0.9638253638253639,0.9740378741600488,0.987012987012987
66,0.9698581560283688,0.9094827586206896,0.9534883720930233,0.9391304347826087,0.9519230769230769,0.9588815789473685,0.9347826086956522,0.0,0.896551724137931,0.9444444444444444,1.0,0.9069767441860465,0.9629629629629629,1.0,1.0,0.5,0.9621828626136908,0.9386617100371747,0.9306930693069307,0.9333333333333333,0.9209809264305178,0.9501661129568106,0.8947368421052632,0.9752623688155923,0.0,0.9067796610169492,0.9361702127659575,0.9843260188087775,0.997440163829515,0.967989756722151,0.9675456389452333,0.967741935483871,0.925,0.9824561403508771,0.9707602339181286,0.9806153846153847,0.9622641509433962
67,0.9676840215439856,0.9316239316239316,0.9451219512195121,0.9274193548387096,0.8828828828828829,0.9520661157024793,0.9333333333333333,0.0,0.9259259259259259,0.9333333333333333,1.0,0.9743589743589743,0.9629629629629629,0.8333333333333334,1.0,1.0,0.9456264775413712,0.9165120593692022,0.9108910891089109,1.0,0.9220055710306406,0.9833333333333333,0.8333333333333334,0.966025480889333,0.0,0.940677966101695,0.9613733905579399,0.9781931464174455,0.99743950838561,0.9667519181585678,0.9586776859504132,0.9523809523809523,0.9328358208955224,0.986159169550173,0.9575957184026348,0.9717325227963526,0.9512195121951219
68,0.9686411149825784,0.9327731092436975,0.9244186046511628,0.9159663865546218,0.9541284403669725,0.9722675367047309,0.9166666666666666,1.0,0.8876404494382022,0.85,1.0,0.975,1.0,1.0,0.8,0.0,0.9634030418250951,0.936247723132969,0.95,1.0,0.9459459459459459,0.9661016949152542,0.9473684210526315,0.9761546184738956,1.0,0.9745762711864406,0.9868995633187773,0.9937888198757764,0.9982074263764404,0.9835234474017744,0.9657258064516129,0.9538461538461539,0.95,0.9965156794425087,0.9676750932449233,0.985520640788663,0.9615384615384616
69,0.9805996472663139,0.9327731092436975,0.9418604651162791,0.9512195121951219,0.9380530973451328,0.9638157894736842,0.9565217391304348,1.0,0.9101123595505618,0.95,1.0,0.9512195121951219,0.9655172413793104,1.0,0.75,1.0,0.971253534401508,0.9636363636363636,0.9333333333333333,0.9375,0.9629629629629629,0.9900990099009901,0.85,0.9831404126824358,1.0,0.9745762711864406,0.9711934156378601,0.9937304075235109,0.9978241392550877,0.9661229611041405,0.9758064516129032,0.9848484848484849,0.9676616915422885,0.993127147766323,0.973255328040117,0.9789634146341464,0.9875
70,0.9805996472663139,0.957983193277311,0.9707602339181286,0.9754098360655737,0.9391304347826087,0.9722675367047309,0.9038461538461539,0.0,0.8924731182795699,0.85,1.0,0.9512195121951219,1.0,0.9090909090909091,1.0,1.0,0.9768102224325603,0.956442831215971,0.9519230769230769,1.0,0.9598930481283422,0.9833887043189369,0.9444444444444444,0.9773236979815599,1.0,0.9583333333333334,0.9625,0.9969040247678018,0.9984633115635805,0.9784263959390863,0.9754098360655737,0.9701492537313433,0.974937343358396,0.9862542955326461,0.9725343320848939,0.9814250913520097,0.9875
71,0.9701754385964912,0.9465020576131687,0.9825581395348837,0.9915966386554622,0.9478260869565217,0.9720394736842105,0.9555555555555556,0.0,0.9,0.8421052631578947,1.0,0.9743589743589743,1.0,1.0,1.0,0.5,0.9627709707822809,0.9622302158273381,0.9901960784313726,1.0,0.9479166666666666,0.9867549668874173,1.0,0.982420894023104,1.0,0.9666666666666667,0.9753086419753086,0.9937694704049844,0.9980796312892075,0.9696586599241467,0.9775967413441955,1.0,0.9542168674698795,0.9761092150170648,0.9724540901502504,0.9772589448150394,0.9937888198757764
72,0.9631578947368421,0.941908713692946,0.9520958083832335,0.9669421487603306,0.896551724137931,0.972176759410802,0.96,1.0,0.8977272727272727,0.95,1.0,0.9743589743589743,0.9,1.0,1.0,0.0,0.9704339532665713,0.9456521739130435,0.9615384615384616,1.0,0.9705093833780161,0.9635761589403974,0.9523809523809523,0.9828282828282828,1.0,0.95,0.9914163090128756,0.9968847352024922,0.998207655869927,0.9794079794079794,0.9637826961770624,0.953125,0.9518987341772152,0.9895104895104895,0.9740041928721174,0.9777167277167277,0.9691358024691358
73,0.9703832752613241,0.9297520661157025,0.9819277108433735,0.9658119658119658,0.9824561403508771,0.9728,0.8958333333333334,0.0,0.9302325581395349,0.95,1.0,1.0,1.0,1.0,0.8571428571428571,1.0,0.9709385421629347,0.9424460431654677,0.9428571428571428,1.0,0.9470899470899471,0.9866666666666667,0.8695652173913043,0.9730471674569503,1.0,0.975,0.9707112970711297,0.9845679012345679,0.9980788934426229,0.9748110831234257,0.9776876267748479,1.0,0.9557739557739557,0.9896551724137931,0.965389369592089,0.9785736149372513,1.0
74,0.9823943661971831,0.9637096774193549,0.9767441860465116,0.967741935483871,0.923728813559322,0.9787928221859706,0.9387755102040817,1.0,0.9310344827586207,0.8888888888888888,1.0,1.0,0.9333333333333333,1.0,0.8,0.5,0.977110157367668,0.9660107334525939,0.9702970297029703,1.0,0.9445910290237467,0.9837133550488599,1.0,0.97675,1.0,0.9834710743801653,0.9755102040816327,1.0,0.9983356804506466,0.9833971902937421,0.9757575757575757,0.96875,0.9382716049382716,0.9792387543252595,0.9739561802397685,0.9810513447432763,0.9939024390243902
75,0.9791666666666666,0.9714285714285714,0.9590643274853801,0.9583333333333334,0.9482758620689655,0.9772727272727273,0.9361702127659575,0.0,0.9230769230769231,0.8333333333333334,1.0,0.9743589743589743,0.9655172413793104,1.0,0.8333333333333334,1.0,0.9709938183547313,0.9587813620071685,0.9615384615384616,1.0,0.9505208333333334,0.9765886287625418,1.0,0.9834004024144869,1.0,0.9915966386554622,0.970954356846473,0.9938080495356038,0.9983352541938788,0.9749687108886108,0.9821428571428571,0.9571428571428572,0.9802955665024631,0.993127147766323,0.9762895174708819,0.9838167938931298,0.9877300613496932
76,0.9859894921190894,0.9710743801652892,0.9714285714285714,0.976,0.9478260869565217,0.980327868852459,1.0,0.0,0.9333333333333333,1.0,1.0,0.9512195121951219,1.0,1.0,0.875,1.0,0.9731258840169731,0.967741935483871,0.9803921568627451,1.0,0.9894179894179894,0.9801324503311258,0.9166666666666666,0.9848828420256992,1.0,0.9572649572649573,0.9959016393442623,1.0,0.9983356804506466,0.9910941475826972,0.9899598393574297,0.9705882352941176,0.9588377723970944,0.9965397923875432,0.9804492512479202,0.9802491643877241,0.9817073170731707
77,0.9859402460456942,0.9428571428571428,0.9760479041916168,0.9672131147540983,0.9734513274336283,0.9657980456026058,0.9787234042553191,1.0,0.927710843373494,1.0,1.0,0.9512195121951219,1.0,0.9285714285714286,1.0,1.0,0.9725378787878788,0.9659498207885304,0.9805825242718447,0.8823529411764706,0.9894459102902374,0.9801324503311258,0.9047619047619048,0.9762914898926878,1.0,0.9603174603174603,0.987603305785124,0.99375,0.9979518689196109,0.9733502538071066,0.9737373737373738,0.9558823529411765,0.9503722084367245,0.996551724137931,0.9749791492910759,0.9831546707503829,0.9754601226993865
78,0.9895652173913043,0.9634146341463414,0.976878612716763,0.9754098360655737,0.9732142857142857,0.9837925445705025,0.9583333333333334,1.0,0.946236559139785,1.0,1.0,0.975,1.0,1.0,0.8571428571428571,1.0,0.9829545454545454,0.9679715302491103,0.9809523809523809,1.0,0.9817232375979112,1.0,1.0,0.9849397590361446,1.0,0.967479674796748,0.987603305785124,0.9938080495356038,0.9983352541938788,0.9898477157360406,0.9940119760479041,0.9857142857142858,0.9757869249394673,0.9896907216494846,0.9805140961857379,0.9812405446293495,0.9875776397515528
79,0.9930191972076788,0.992,0.9942196531791907,0.96,0.9745762711864406,0.9822866344605475,0.96,1.0,0.9550561797752809,1.0,1.0,0.975,1.0,1.0,1.0,1.0,0.980104216011369,0.9803921568627451,0.9903846153846154,1.0,0.9768637532133676,0.990228013029316,0.9130434782608695,0.9841509433962264,1.0,0.9666666666666667,0.9918032786885246,1.0,0.9983356804506466,0.9874055415617129,0.9737903225806451,0.9714285714285714,0.9783653846153846,0.9897610921501706,0.9842127129206482,0.9820723184442419,0.9939393939393939
80,0.9878682842287695,0.975609756097561,0.976878612716763,0.991869918699187,0.9743589743589743,0.988599348534202,0.94,1.0,0.9770114942528736,1.0,1.0,0.9743589743589743,1.0,1.0,1.0,1.0,0.9806877060763071,0.9858156028368794,0.9809523809523809,0.875,0.97911227154047,0.9867549668874173,0.9166666666666666,0.9821965897693079,1.0,0.9572649572649573,0.9917355371900827,0.9937694704049844,0.9980796312892075,0.9861111111111112,0.978,1.0,0.9755501222493888,1.0,0.9773289365210223,0.9850381679389313,0.9877300613496932
81,0.9844290657439446,0.9760956175298805,0.9766081871345029,0.975609756097561,0.9663865546218487,0.9887278582930756,0.8979591836734694,1.0,0.9777777777777777,1.0,1.0,1.0,1.0,1.0,1.0,1.0,0.9909781576448243,0.9875666074600356,1.0,0.9411764705882353,0.9921259842519685,0.9901960784313726,1.0,0.9856819894498869,0.5,0.9917355371900827,0.9877551020408163,1.0,0.9984635083226633,0.9810126582278481,0.9781312127236581,0.9855072463768116,0.9927360774818402,1.0,0.989103101424979,0.9862216778934476,0.9634146341463414
82,0.9895104895104895,0.9879518072289156,0.9828571428571429,0.959349593495935,0.9512195121951219,0.9918962722852512,0.9411764705882353,1.0,1.0,1.0,1.0,0.9512195121951219,1.0,1.0,0.8,1.0,0.976303317535545,0.9750445632798574,0.9904761904761905,1.0,0.9843342036553525,0.9836601307189542,1.0,0.9816950852557673,1.0,0.9834710743801653,0.9795081967213115,0.9937888198757764,0.9982074263764404,0.9861111111111112,0.9761431411530815,1.0,0.9877450980392157,0.9897610921501706,0.9675431388660641,0.9855783982816815,0.9877300613496932
83,0.9861351819757366,0.9683794466403162,0.9882352941176471,0.984,0.9747899159663865,0.9870550161812298,0.96,1.0,0.9555555555555556,1.0,1.0,1.0,0.9642857142857143,1.0,0.875,1.0,0.9876660341555977,0.9838709677419355,0.9619047619047619,1.0,0.9869451697127938,0.993421052631579,1.0,0.9844572574580095,1.0,0.9752066115702479,0.9917695473251029,0.9907120743034056,0.9982071968241772,0.9936948297604036,0.9818181818181818,0.9402985074626866,0.9903147699757869,0.9897260273972602,0.978369384359401,0.9844036697247707,0.9878787878787879
84,0.9878260869565217,0.9591836734693877,0.9766081871345029,0.967479674796748,0.959349593495935,0.9838187702265372,0.9787234042553191,1.0,0.9659090909090909,1.0,1.0,0.9523809523809523,1.0,1.0,1.0,0.5,0.9824311490978158,0.9875444839857651,0.9809523809523809,1.0,0.9817232375979112,0.9836065573770492,0.96,0.985855013892397,1.0,0.9834710743801653,0.9917695473251029,0.9937888198757764,0.9982074263764404,0.9911054637865311,0.9880715705765407,0.9855072463768116,0.9781021897810219,1.0,0.9803347280334728,0.9807750991760756,0.9819277108433735
85,0.9844559585492227,0.976,0.9774011299435028,0.983739837398374,0.959349593495935,0.9903536977491961,0.9791666666666666,1.0,0.9883720930232558,0.9090909090909091,1.0,0.975609756097561,1.0,1.0,1.0,1.0,0.9786426198386331,0.9875666074600356,0.9902912621359223,1.0,0.9844961240310077,0.9805194805194806,0.9166666666666666,0.9804755944931164,1.0,0.975,0.9835390946502057,1.0,0.9984635083226633,0.9924050632911392,0.9919839679358717,0.9855072463768116,0.9807692307692307,1.0,0.9895046179680941,0.9821698398307646,0.9878787878787879
86,0.9807692307692307,0.9878542510121457,0.9714285714285714,0.9754098360655737,0.9745762711864406,0.9887459807073955,0.9795918367346939,1.0,0.9659090909090909,0.9565217391304348,1.0,1.0,1.0,1.0,1.0,1.0,0.9862363550071191,0.9822380106571936,0.9626168224299065,1.0,0.9895561357702349,0.9934640522875817,0.9130434782608695,0.9876262626262626,1.0,0.9833333333333333,0.9875,0.9906832298136646,0.9980793854033291,0.9835234474017744,0.9838056680161943,0.9459459459459459,0.9784172661870504,0.9830508474576272,0.9834162520729685,0.9892307692307692,1.0
87,0.9895470383275261,0.9723320158102767,0.9883720930232558,0.991869918699187,0.9754098360655737,0.9903225806451613,0.9791666666666666,1.0,0.967391304347826,1.0,1.0,0.9743589743589743,1.0,1.0,1.0,1.0,0.9914489311163895,0.9806678383128296,0.9719626168224299,1.0,0.9817708333333334,0.993485342019544,1.0,0.9819909954977488,1.0,0.9836065573770492,0.9877049180327869,0.9906832298136646,0.9980793854033291,0.9961928934010152,0.9979919678714859,0.9859154929577465,0.9691943127962085,1.0,0.9842650103519669,0.9913846153846154,0.9939393939393939
88,0.9879101899827288,0.98,0.9828571428571429,0.9919354838709677,0.9916666666666667,0.9934959349593496,0.9591836734693877,0.0,0.978021978021978,1.0,1.0,1.0,1.0,1.0,1.0,1.0,0.9867298578199052,0.9875444839857651,1.0,1.0,0.9870801033591732,0.9901639344262295,0.96,0.9863979848866499,1.0,1.0,0.9959016393442623,1.0,0.9984635083226633,0.9937027707808564,0.9979959919839679,0.9855072463768116,0.9951338199513382,0.9965753424657534,0.9887453105460609,0.9881133800670527,0.9821428571428571
89,0.9879310344827587,0.9759036144578314,0.9885057471264368,0.984,1.0,0.9951612903225806,1.0,1.0,0.9782608695652174,0.9583333333333334,1.0,1.0,1.0,1.0,1.0,1.0,0.9919239904988123,0.9893238434163701,0.9905660377358491,1.0,0.9844961240310077,0.9967105263157895,1.0,0.9867267718507388,1.0,0.9916666666666667,0.9958847736625515,1.0,0.9984635083226633,0.9987341772151899,0.9940239043824701,1.0,0.9878934624697336,0.9931506849315068,0.9878964941569283,0.9925903056498919,1.0
90,0.9844559585492227,0.9878542510121457,0.9884393063583815,0.983739837398374,0.967479674796748,0.9838187702265372,0.9795918367346939,1.0,0.989010989010989,1.0,1.0,0.975,1.0,1.0,1.0,1.0,0.9895833333333334,0.9787234042553191,0.9807692307692307,1.0,0.9922279792746114,1.0,0.9583333333333334,0.98575,1.0,1.0,0.9793388429752066,0.9968944099378882,0.9983354673495518,0.9924337957124842,0.9879518072289156,0.9859154929577465,0.9761904761904762,0.996551724137931,0.9858156028368794,0.9809667673716012,1.0
91,0.9861830742659758,0.95703125,0.9770114942528736,0.9918032786885246,0.983739837398374,0.9806763285024155,0.9791666666666666,1.0,0.9764705882352941,1.0,1.0,0.95,1.0,1.0,1.0,1.0,0.9853010905642484,0.9769503546099291,0.9901960784313726,1.0,0.9637305699481865,0.9966887417218543,1.0,0.9837133550488599,1.0,0.9754098360655737,0.9836065573770492,0.9906832298136646,0.9980793854033291,0.9860759493670886,0.9760479041916168,0.971830985915493,0.9780487804878049,0.9965753424657534,0.9825798423890502,0.9910631741140216,1.0
92,0.9706390328151986,0.9838056680161943,0.9767441860465116,0.96,0.9754098360655737,0.9886547811993517,0.9791666666666666,0.0,0.9770114942528736,1.0,1.0,0.9523809523809523,1.0,1.0,1.0,1.0,0.9867361440075794,0.9857651245551602,0.9903846153846154,1.0,0.9717948717948718,0.9966996699669967,1.0,0.9825783972125436,1.0,0.9916666666666667,0.9714285714285714,0.9875,0.9976958525345622,0.9873257287705957,0.9900199600798403,1.0,0.9735576923076923,0.993127147766323,0.9793303017775941,0.9853747714808044,0.9819277108433735
93,0.9896013864818024,0.98,0.9884393063583815,0.975609756097561,0.9833333333333333,0.9806763285024155,0.9787234042553191,1.0,0.9545454545454546,1.0,1.0,1.0,1.0,1.0,1.0,0.6666666666666666,0.9885877318116976,0.991166077738516,0.9622641509433962,1.0,0.9768041237113402,0.9836601307189542,1.0,0.9793326693227091,1.0,0.9833333333333333,0.9747899159663865,0.9906832298136646,0.9980793854033291,0.9961977186311787,0.992,0.9861111111111112,0.9779411764705882,0.9965753424657534,0.9858451290591174,0.9886919315403423,0.9878048780487805
94,0.9930434782608696,0.9880478087649402,0.9825581395348837,0.991869918699187,0.9917355371900827,0.9919484702093397,0.96,1.0,0.9777777777777777,1.0,1.0,0.9512195121951219,0.9655172413793104,1.0,1.0,0.75,0.9839395370807746,0.9875444839857651,0.9902912621359223,1.0,0.9896373056994818,0.9967105263157895,0.9583333333333334,0.9824868651488616,1.0,0.9836065573770492,0.9874476987447699,0.9968944099378882,0.9983354673495518,0.9961977186311787,0.9900199600798403,1.0,0.9733656174334141,1.0,0.9891076665270213,0.9886607416487895,0.9878048780487805
95,0.993103448275862,0.9881889763779528,0.9825581395348837,0.975609756097561,1.0,0.9919484702093397,0.9795918367346939,1.0,1.0,1.0,1.0,1.0,1.0,1.0,0.875,0.75,0.9966714217784118,0.9946808510638298,0.9904761904761905,1.0,0.9871134020618557,0.9901960784313726,1.0,0.9822986786337572,1.0,0.9836065573770492,0.9959016393442623,1.0,0.9984635083226633,0.9974651457541192,0.998,1.0,0.9879807692307693,1.0,0.9903765690376569,0.984151173422737,0.975609756097561
96,1.0,0.9920318725099602,0.9942528735632183,0.976,0.991869918699187,0.9951534733441034,0.98,1.0,0.967391304347826,1.0,1.0,1.0,1.0,1.0,0.8888888888888888,1.0,0.9952426260704091,0.9946902654867257,1.0,1.0,0.9818181818181818,0.9966996699669967,1.0,0.9894286433425623,1.0,0.9834710743801653,1.0,1.0,0.9983356804506466,0.991128010139417,0.9920159680638723,1.0,0.9902912621359223,1.0,0.9853923205342237,0.9833535108958837,0.9939024390243902
97,0.9913194444444444,0.9921259842519685,1.0,0.992,0.9834710743801653,0.9887096774193549,0.92,1.0,0.9888888888888889,1.0,1.0,1.0,1.0,1.0,1.0,1.0,0.988647114474929,0.9875886524822695,0.9903846153846154,1.0,0.9844961240310077,0.9967320261437909,1.0,0.9854636591478697,0.6666666666666666,0.9834710743801653,0.9959016393442623,1.0,0.9984635083226633,0.9886649874055415,0.9880239520958084,1.0,0.9903381642512077,0.9965753424657534,0.9834299917149959,0.9848622464426279,0.9820359281437125
98,0.9896373056994818,0.9760956175298805,0.9885057471264368,0.9919354838709677,0.9752066115702479,0.9886914378029079,0.9791666666666666,1.0,0.9886363636363636,0.9583333333333334,1.0,1.0,1.0,1.0,1.0,1.0,0.9895685158843054,0.9858906525573192,0.9903846153846154,1.0,0.9895561357702349,1.0,1.0,0.9864355689525245,1.0,0.9836065573770492,0.9917695473251029,0.9968847352024922,0.998207655869927,0.9848675914249685,0.9920477137176938,1.0,0.9856459330143541,0.996551724137931,0.9891711786755518,0.9833535108958837,1.0
99,0.9947916666666666,0.9723320158102767,0.9827586206896551,0.991869918699187,0.9836065573770492,0.9903225806451613,0.9795918367346939,1.0,0.978021978021978,1.0,1.0,1.0,1.0,1.0,1.0,1.0,0.9867549668874173,0.9893617021276596,0.9719626168224299,1.0,0.979381443298969,1.0,1.0,0.9852093256455252,1.0,1.0,1.0,1.0,0.9984635083226633,0.9936628643852978,0.9920318725099602,0.9857142857142858,0.9903147699757869,1.0,0.9887640449438202,0.9914189396261109,0.9878787878787879
100,0.9878472222222222,0.996,0.9885057471264368,0.9838709677419355,0.983739837398374,0.9903381642512077,0.98,1.0,1.0,0.9583333333333334,1.0,0.975,1.0,1.0,1.0,1.0,0.9957163255592575,0.9946996466431095,0.9903846153846154,1.0,0.9973958333333334,0.9967213114754099,0.9615384615384616,0.9818723615594735,1.0,0.9918032786885246,1.0,1.0,0.9984635083226633,0.9949302915082383,0.998003992015968,1.0,0.9927884615384616,0.9965753424657534,0.9928780896522832,0.9886884744726383,0.9879518072289156
101,1.0,0.9960474308300395,0.9884393063583815,0.9919354838709677,0.983739837398374,0.9919224555735057,1.0,1.0,0.9887640449438202,1.0,1.0,1.0,1.0,1.0,1.0,1.0,0.9914974019839395,0.9929577464788732,1.0,1.0,0.9974093264248705,0.9902597402597403,1.0,0.9862224448897795,1.0,0.9917355371900827,1.0,1.0,0.9983356804506466,0.9974683544303797,0.99800796812749,1.0,0.9975903614457832,0.9965635738831615,0.9904564315352697,0.9893097128894319,1.0
102,0.9982698961937716,0.9881889763779528,0.9886363636363636,1.0,0.9915254237288136,0.9870759289176091,0.9795918367346939,1.0,1.0,1.0,1.0,1.0,1.0,1.0,1.0,1.0,0.9914489311163895,0.9770723104056437,1.0,1.0,0.9948186528497409,0.9933774834437086,1.0,0.9845193508114857,1.0,1.0,0.9958847736625515,1.0,0.9984635083226633,0.9924433249370277,0.9940476190476191,1.0,0.9879807692307693,0.9965635738831615,0.9871475953565506,0.9935444205348909,1.0
103,0.9792746113989638,0.984313725490196,0.9826589595375722,0.9919354838709677,0.975609756097561,0.9935379644588045,1.0,1.0,0.9888888888888889,1.0,1.0,0.975609756097561,1.0,1.0,0.8888888888888888,1.0,0.9942938659058488,0.984070796460177,0.9809523809523809,1.0,0.984375,0.987012987012987,1.0,0.982098458478369,1.0,1.0,0.9918032786885246,1.0,0.9984635083226633,0.9924433249370277,0.9920318725099602,1.0,0.983132530120482,0.9965753424657534,0.9870617696160268,0.9848300970873787,1.0
104,0.9895652173913043,0.9920948616600791,0.9884393063583815,1.0,1.0,0.9951456310679612,0.98,1.0,0.9777777777777777,1.0,1.0,0.975,1.0,0.9285714285714286,1.0,1.0,0.9862819299905392,0.9822380106571936,0.9813084112149533,1.0,0.9921671018276762,0.9902597402597403,1.0,0.9828486204325131,1.0,0.983739837398374,0.9876543209876543,1.0,0.9983356804506466,0.9974619289340102,0.9960238568588469,1.0,0.9855421686746988,1.0,0.9871048252911814,0.9916999692591454,0.9879518072289156
105,0.9982698961937716,0.992,0.9941520467836257,0.9919354838709677,1.0,0.9935275080906149,1.0,1.0,0.9662921348314607,0.9583333333333334,1.0,1.0,1.0,1.0,1.0,1.0,0.9905571293673276,0.9929701230228472,0.9903846153846154,1.0,0.9922680412371134,0.993485342019544,1.0,0.9843361511685729,1.0,0.9754098360655737,0.9958847736625515,1.0,0.9984635083226633,0.9987325728770595,0.9920318725099602,1.0,0.9903846153846154,0.9965753424657534,0.9920335429769392,0.9923312883435583,1.0
106,0.9982608695652174,0.98,0.9942857142857143,0.983739837398374,1.0,0.998389694041868,1.0,1.0,0.989010989010989,1.0,1.0,1.0,1.0,1.0,1.0,1.0,0.9957203994293866,0.9929453262786596,1.0,1.0,0.9948586118251928,0.993485342019544,1.0,0.9792950456001972,1.0,0.9836065573770492,0.9959016393442623,0.9969040247678018,0.9984633115635805,0.9962073324905183,0.9920159680638723,1.0,0.9975903614457832,1.0,0.9896308585649108,0.9896278218425869,0.9939759036144579
107,1.0,0.9841269841269841,0.9942528735632183,0.991869918699187,0.9836065573770492,0.9919614147909968,1.0,1.0,1.0,1.0,1.0,1.0,1.0,1.0,1.0,1.0,0.9895981087470449,0.984070796460177,0.9904761904761905,1.0,0.9948453608247423,0.9967213114754099,1.0,0.9833333333333333,1.0,0.9834710743801653,0.9877551020408163,0.9968944099378882,0.9983354673495518,0.9962073324905183,0.9960159362549801,1.0,0.9975903614457832,1.0,0.9949748743718593,0.9941574415744158,1.0
108,0.9948096885813149,0.9960474308300395,0.9826589595375722,0.992,0.9833333333333333,0.9919484702093397,1.0,1.0,0.9888888888888889,1.0,1.0,1.0,1.0,1.0,1.0,1.0,0.9947817836812144,0.9876543209876543,1.0,1.0,0.9974160206718347,0.9869706840390879,1.0,0.9835943325876212,1.0,1.0,1.0,1.0,0.9984635083226633,0.9949431099873578,0.9960238568588469,1.0,0.9927536231884058,0.9965635738831615,0.9887453105460609,0.9872379216043756,1.0
109,0.9965337954939342,0.9960474308300395,0.9942528735632183,1.0,1.0,0.9918962722852512,1.0,1.0,0.9888888888888889,0.9583333333333334,1.0,1.0,1.0,1.0,1.0,1.0,0.99667616334283,0.9964726631393298,1.0,1.0,0.9948320413436692,0.9934640522875817,1.0,0.9877408056042032,1.0,1.0,0.9959183673469387,1.0,0.9984635083226633,0.9962073324905183,0.9960238568588469,1.0,0.9904306220095693,0.9965635738831615,0.997893850042123,0.9923100584435558,1.0
110,0.991304347826087,0.9920318725099602,0.9884393063583815,0.992,0.9917355371900827,0.9903381642512077,1.0,1.0,1.0,1.0,1.0,1.0,1.0,1.0,1.0,1.0,0.9947793070716658,0.9947089947089947,1.0,1.0,1.0,0.9967320261437909,1.0,0.9867067970905443,1.0,0.9834710743801653,0.9959183673469387,1.0,0.9982078853046595,0.9949302915082383,0.9959919839679359,1.0,0.9927710843373494,0.9965753424657534,0.9843298969072165,0.9905140758873929,0.9879518072289156
111,0.9947826086956522,0.9921568627450981,0.9942528735632183,0.9919354838709677,0.9918032786885246,0.9919224555735057,1.0,1.0,1.0,1.0,1.0,1.0,1.0,1.0,1.0,1.0,0.9882518796992481,0.9947183098591549,0.9905660377358491,1.0,0.9948320413436692,0.9935064935064936,1.0,0.9876605389070763,1.0,1.0,0.9918367346938776,1.0,0.9983356804506466,0.9924337957124842,0.9940357852882704,1.0,0.9904076738609112,0.9965635738831615,0.9843040066088393,0.9923289352562136,0.9818181818181818
112,0.9948096885813149,1.0,0.9884393063583815,0.992,0.983739837398374,0.9967689822294022,0.96,1.0,1.0,1.0,1.0,1.0,1.0,1.0,1.0,1.0,0.996203132415757,0.9964726631393298,0.9903846153846154,1.0,0.9922480620155039,1.0,1.0,0.9818045862412762,1.0,0.9752066115702479,0.9918032786885246,1.0,0.9982078853046595,0.9924146649810367,0.9960079840319361,0.9861111111111112,0.9928400954653938,0.9965635738831615,0.9924717691342535,0.9857316332726169,1.0
113,0.9965397923875432,0.9960474308300395,1.0,1.0,0.9917355371900827,0.998389694041868,1.0,1.0,1.0,0.9583333333333334,1.0,1.0,1.0,1.0,1.0,1.0,0.9933993399339934,0.9982363315696648,0.9905660377358491,1.0,1.0,1.0,1.0,0.9867599300524607,1.0,1.0,0.9959183673469387,0.9969040247678018,0.9984633115635805,0.9987325728770595,0.99800796812749,0.9855072463768116,0.9951923076923077,0.9965753424657534,0.9872006606110653,0.9871951219512195,1.0
114,0.9982758620689656,1.0,1.0,1.0,1.0,0.9951612903225806,0.98,1.0,0.989010989010989,1.0,1.0,0.975,0.9666666666666667,1.0,1.0,0.75,0.9971496437054632,0.9877408056042032,1.0,1.0,0.9974160206718347,0.996742671009772,1.0,0.9904306220095693,1.0,1.0,1.0,1.0,0.9984635083226633,0.9949494949494949,0.9960238568588469,1.0,1.0,1.0,0.9871315898713159,0.9917025199754149,0.9939759036144579
115,1.0,0.9841897233201581,0.9942528735632183,0.9841269841269841,0.9918032786885246,0.9935587761674718,1.0,1.0,1.0,0.9583333333333334,1.0,0.975609756097561,1.0,1.0,1.0,1.0,0.9895734597156398,0.9874776386404294,0.9904761904761905,1.0,0.9896103896103896,1.0,0.96,0.9846849108712026,1.0,0.9836065573770492,0.9959183673469387,0.9969040247678018,0.9984633115635805,0.9974715549936789,0.9940239043824701,1.0,0.9951923076923077,0.9965635738831615,0.9891756869275604,0.9860097323600974,1.0
116,0.9982758620689656,0.9920948616600791,1.0,1.0,0.9918032786885246,0.9967532467532467,1.0,1.0,0.9888888888888889,1.0,1.0,1.0,1.0,1.0,1.0,1.0,0.9966634890371783,0.9929328621908127,0.9905660377358491,1.0,0.9974093264248705,1.0,1.0,0.9823383084577114,1.0,0.9916666666666667,0.9918032786885246,1.0,0.9984635083226633,0.9974683544303797,0.9960079840319361,1.0,0.9951923076923077,0.996551724137931,0.9945469798657718,0.9866666666666667,0.9939024390243902
117,1.0,0.9960629921259843,0.9942857142857143,1.0,1.0,0.9983844911147012,0.98,1.0,1.0,1.0,1.0,1.0,1.0,1.0,1.0,1.0,0.9995249406175772,0.9964664310954063,1.0,1.0,1.0,1.0,1.0,0.9882323485227842,1.0,1.0,1.0,1.0,0.9984635083226633,0.9974683544303797,0.9920634920634921,1.0,1.0,0.9897959183673469,0.9970674486803519,0.9887537993920973,1.0
118,1.0,1.0,0.9942528735632183,1.0,1.0,0.9967845659163987,1.0,1.0,1.0,1.0,1.0,1.0,1.0,1.0,1.0,1.0,0.998574144486692,0.9964726631393298,1.0,1.0,0.9974226804123711,1.0,1.0,0.9854963740935234,1.0,1.0,1.0,1.0,0.9984635083226633,0.9962073324905183,0.998,1.0,0.9928057553956835,0.9965635738831615,0.99125,0.9950829748002459,0.9939393939393939
119,0.9982668977469671,1.0,1.0,1.0,1.0,1.0,0.98,1.0,1.0,1.0,1.0,0.975,1.0,1.0,1.0,1.0,0.9971509971509972,0.9982363315696648,0.9905660377358491,1.0,0.9948186528497409,1.0,1.0,0.9887274549098196,1.0,1.0,1.0,1.0,0.9984635083226633,0.9949494949494949,0.9920477137176938,1.0,1.0,0.9965753424657534,0.982048143614851,0.9926583052921383,0.9939759036144579
120,0.9965457685664939,0.996031746031746,1.0,1.0,1.0,0.9967793880837359,1.0,1.0,0.989010989010989,1.0,1.0,1.0,1.0,1.0,1.0,1.0,0.9952718676122931,0.9947183098591549,1.0,1.0,0.9948320413436692,1.0,1.0,0.9843166542195668,1.0,1.0,1.0,1.0,0.9984635083226633,0.9974747474747475,0.9900793650793651,0.9859154929577465,0.9829683698296837,0.9965753424657534,0.9920435510887772,0.9904615384615385,0.9939759036144579
121,0.9965457685664939,1.0,1.0,1.0,0.9917355371900827,0.9951690821256038,0.9795918367346939,1.0,0.989010989010989,1.0,1.0,1.0,1.0,1.0,1.0,1.0,0.9981024667931688,0.9964726631393298,0.9905660377358491,1.0,1.0,0.9967320261437909,1.0,0.9869706840390879,1.0,0.9917355371900827,1.0,1.0,0.9984635083226633,0.9898734177215189,0.9879759519038076,0.9859154929577465,0.9785202863961814,0.9931506849315068,0.9842910293509715,0.9878085949405669,1.0
122,0.9913793103448276,0.996078431372549,0.9885057471264368,0.992,1.0,0.9983844911147012,1.0,1.0,0.989010989010989,1.0,1.0,1.0,1.0,1.0,1.0,1.0,0.9957264957264957,0.99822695035461,1.0,1.0,0.9922680412371134,0.9934640522875817,1.0,0.9864831038798498,1.0,1.0,1.0,1.0,0.9983356804506466,0.9949494949494949,0.998,0.9861111111111112,0.9951923076923077,0.9965753424657534,0.9900332225913622,0.9944512946979038,1.0
123,0.9965457685664939,1.0,0.9942196531791907,1.0,1.0,0.998389694041868,1.0,1.0,1.0,1.0,1.0,1.0,1.0,1.0,1.0,1.0,0.9990494296577946,0.9947089947089947,1.0,1.0,1.0,1.0,1.0,0.9864661654135338,1.0,1.0,1.0,1.0,0.9984635083226633,0.9987341772151899,0.99800796812749,1.0,1.0,0.9965870307167235,0.9978982765868012,0.9929382867669635,1.0
124,0.993103448275862,1.0,1.0,0.9919354838709677,1.0,0.9951612903225806,0.9795918367346939,1.0,1.0,1.0,1.0,1.0,1.0,1.0,1.0,1.0,0.9971523493118177,0.9894366197183099,1.0,1.0,0.9974093264248705,1.0,1.0,0.9826646854878652,1.0,1.0,1.0,0.9969040247678018,0.9984633115635805,0.9974683544303797,1.0,1.0,0.9903381642512077,0.993103448275862,0.9916422900125366,0.9984486503257834,1.0
125,0.9982698961937716,1.0,1.0,1.0,1.0,0.9935794542536116,1.0,1.0,1.0,1.0,1.0,1.0,1.0,1.0,1.0,1.0,0.9980997624703087,0.9946996466431095,1.0,1.0,1.0,1.0,1.0,0.9906824477461597,1.0,0.9918032786885246,1.0,1.0,0.9984635083226633,0.9949558638083228,0.9960238568588469,1.0,0.9975903614457832,0.9965753424657534,0.9983172065628944,0.9984524914887032,1.0
126,0.9982758620689656,0.9960629921259843,1.0,1.0,1.0,0.9983922829581994,1.0,1.0,1.0,1.0,1.0,1.0,1.0,1.0,1.0,1.0,0.9985748218527316,0.9929328621908127,1.0,1.0,1.0,1.0,0.96,0.9835984095427436,1.0,1.0,1.0,1.0,0.9984635083226633,0.9987357774968394,1.0,1.0,1.0,0.9965753424657534,0.9937552039966694,0.9899298138541349,1.0
127,0.9948275862068966,1.0,1.0,0.984,1.0,0.9967689822294022,1.0,1.0,1.0,1.0,1.0,1.0,1.0,1.0,1.0,1.0,0.99667616334283,0.9964664310954063,1.0,1.0,0.9974160206718347,1.0,1.0,0.9899421674629117,1.0,1.0,1.0,1.0,0.9984635083226633,0.9962121212121212,0.9940239043824701,1.0,0.9975961538461539,0.9965635738831615,0.989202657807309,0.9941717791411043,1.0
128,1.0,0.9880478087649402,1.0,1.0,0.991869918699187,1.0,1.0,1.0,1.0,1.0,1.0,0.975609756097561,1.0,1.0,1.0,1.0,0.9924385633270322,0.9964601769911504,1.0,1.0,0.9896907216494846,1.0,1.0,0.9889447236180905,1.0,1.0,0.9876543209876543,0.9969040247678018,0.9984633115635805,0.9924337957124842,0.994,1.0,0.9952038369304557,0.9965753424657534,0.9895572263993316,0.9929208987380732,1.0
129,0.9982668977469671,0.9921568627450981,1.0,0.992,0.9834710743801653,1.0,1.0,1.0,1.0,1.0,1.0,1.0,1.0,1.0,1.0,1.0,0.9881235154394299,0.9893428063943162,1.0,1.0,0.9896103896103896,1.0,1.0,0.9794197867592364,1.0,0.9918032786885246,0.9917355371900827,0.9969040247678018,0.9984633115635805,0.9924050632911392,0.9860834990059643,1.0,0.9879807692307693,1.0,0.9817729908864954,0.9892703862660944,1.0
130,0.9982698961937716,0.9920948616600791,1.0,0.992,1.0,0.9967637540453075,1.0,1.0,1.0,1.0,1.0,1.0,1.0,1.0,1.0,1.0,0.993806574559314,0.9911347517730497,1.0,1.0,0.9973958333333334,0.9967320261437909,1.0,0.9864457831325302,1.0,1.0,1.0,1.0,0.9984635083226633,0.9949367088607595,0.9878542510121457,0.9859154929577465,0.9951807228915662,0.9965753424657534,0.994960100797984,0.9905024509803921,0.9939393939393939
131,0.9965217391304347,0.9960474308300395,1.0,1.0,1.0,0.9951612903225806,1.0,1.0,1.0,1.0,1.0,0.975609756097561,1.0,1.0,1.0,1.0,0.9919431279620853,0.9893238434163701,1.0,1.0,0.9844961240310077,0.996742671009772,1.0,0.9817818817070127,1.0,1.0,0.9959183673469387,1.0,0.9984635083226633,0.9962073324905183,0.9940239043824701,1.0,0.9952038369304557,0.9965753424657534,0.9895789912463526,0.993849938499385,1.0
132,0.9913941480206541,1.0,0.9942196531791907,0.9918032786885246,1.0,0.9951612903225806,1.0,1.0,1.0,1.0,1.0,1.0,1.0,1.0,1.0,1.0,0.9909824394874229,0.9823321554770318,0.9903846153846154,1.0,0.981675392670157,0.9967213114754099,1.0,0.9832876028934896,1.0,1.0,0.987603305785124,1.0,0.9984635083226633,0.9936788874841972,0.9939879759519038,0.9859154929577465,0.9830097087378641,1.0,0.9887218045112782,0.9953760789149199,1.0
133,0.9965337954939342,0.9841269841269841,0.9885714285714285,1.0,0.9918032786885246,0.9903846153846154,1.0,1.0,1.0,1.0,1.0,1.0,1.0,1.0,1.0,1.0,0.994789199431549,0.9929453262786596,0.9905660377358491,0.9375,0.9923076923076923,0.9966996699669967,1.0,0.984837186179468,1.0,0.9836065573770492,0.9959016393442623,0.996875,0.9980798771121352,0.9987325728770595,0.998,1.0,0.980722891566265,0.9897610921501706,0.9966329966329966,0.9917152500767107,1.0
134,1.0,0.9881422924901185,0.9942528735632183,0.991869918699187,1.0,0.9967793880837359,1.0,1.0,1.0,1.0,1.0,0.975,1.0,0.9285714285714286,1.0,1.0,0.9985748218527316,0.9964788732394366,1.0,0.9375,0.9948186528497409,1.0,1.0,0.9889419452123649,1.0,1.0,0.9877551020408163,0.9907407407407407,0.9983350409836066,0.9962168978562421,0.9920318725099602,1.0,0.9951807228915662,0.9965753424657534,0.9879216992919617,0.9935185185185185,1.0
135,0.9931153184165232,0.9960629921259843,0.9942857142857143,0.984,1.0,0.9983844911147012,1.0,1.0,1.0,1.0,1.0,1.0,1.0,1.0,1.0,1.0,0.99667616334283,0.99822695035461,1.0,1.0,0.979328165374677,0.993485342019544,1.0,0.9855397656444776,1.0,0.9833333333333333,0.9959016393442623,0.9968944099378882,0.9983354673495518,0.9949431099873578,0.9960159362549801,1.0,0.9951923076923077,0.9931740614334471,0.9974779319041615,0.9938631482049709,1.0
136,0.9965277777777778,0.9803149606299213,0.9941176470588236,0.983739837398374,1.0,0.9919224555735057,1.0,1.0,0.9777777777777777,1.0,1.0,1.0,1.0,1.0,1.0,1.0,0.9928943628612033,0.9912126537785588,0.9611650485436893,1.0,0.9766839378238342,0.9770491803278688,0.9230769230769231,0.9868819374369324,1.0,1.0,0.9713114754098361,0.9876543209876543,0.9980791394544756,0.9949494949494949,0.9880952380952381,0.971830985915493,0.9855072463768116,1.0,0.9953762084909626,0.9923124231242313,0.9939024390243902
137,0.998272884283247,0.984375,1.0,1.0,0.991869918699187,0.9903691813804173,1.0,1.0,1.0,1.0,1.0,1.0,1.0,1.0,0.8888888888888888,1.0,0.9971509971509972,0.9912280701754386,1.0,1.0,0.9948051948051948,0.9967213114754099,1.0,0.9859964991247812,1.0,0.9918032786885246,0.9918367346938776,0.9968944099378882,0.9983356804506466,0.9974747474747475,0.9980119284294234,1.0,0.9975903614457832,0.9965753424657534,0.9875827814569537,0.9887435351384241,1.0
138,0.9948186528497409,0.9841897233201581,1.0,0.992,1.0,0.9983870967741936,1.0,1.0,1.0,1.0,1.0,0.975,1.0,1.0,1.0,1.0,0.9981024667931688,0.9928952042628775,1.0,1.0,0.9974160206718347,1.0,1.0,0.987240430322742,1.0,1.0,0.9959183673469387,1.0,0.9984635083226633,0.9987357774968394,1.0,1.0,0.9975961538461539,0.9965753424657534,0.9925093632958801,0.985209779655901,1.0
139,0.9948275862068966,0.9960474308300395,1.0,0.9919354838709677,0.991869918699187,1.0,1.0,1.0,1.0,1.0,1.0,1.0,1.0,1.0,1.0,1.0,0.9985768500948766,0.9964788732394366,1.0,1.0,1.0,0.996742671009772,1.0,0.9901936132763389,1.0,1.0,1.0,1.0,0.9984635083226633,0.9974747474747475,1.0,1.0,0.9951923076923077,0.9965870307167235,0.9851851851851852,0.9923406862745098,1.0
140,1.0,1.0,1.0,0.992,1.0,0.9983844911147012,1.0,1.0,1.0,1.0,1.0,1.0,1.0,1.0,1.0,1.0,0.9995251661918328,0.9982363315696648,1.0,1.0,1.0,1.0,1.0,0.9821073558648111,1.0,1.0,1.0,1.0,0.9983356804506466,0.9987341772151899,0.9980119284294234,1.0,0.9975961538461539,1.0,0.9860197368421053,0.9890344197380445,1.0
141,0.9948006932409013,0.9960629921259843,1.0,0.992,1.0,0.998389694041868,1.0,1.0,1.0,0.9565217391304348,1.0,1.0,1.0,1.0,1.0,1.0,0.9938271604938271,0.9894736842105263,1.0,1.0,1.0,1.0,1.0,0.9849737039819685,1.0,1.0,1.0,1.0,0.9984635083226633,0.9949622166246851,0.998003992015968,1.0,0.9951923076923077,1.0,0.9921194525093322,0.9860943168077388,1.0
142,0.9965457685664939,0.9764705882352941,1.0,0.9919354838709677,1.0,0.9983922829581994,1.0,1.0,1.0,0.9565217391304348,1.0,1.0,1.0,1.0,1.0,1.0,0.9952471482889734,0.9982300884955753,1.0,1.0,1.0,0.9967320261437909,1.0,0.9904064630143903,1.0,0.9917355371900827,1.0,1.0,0.9984635083226633,1.0,0.9980119284294234,1.0,1.0,1.0,0.9876186545604623,0.9911287855613338,1.0
143,0.9965457685664939,0.9960629921259843,1.0,0.991869918699187,1.0,1.0,1.0,1.0,0.9888888888888889,1.0,1.0,1.0,1.0,1.0,1.0,1.0,0.9990512333965844,1.0,1.0,1.0,1.0,0.9967213114754099,1.0,0.9848409542743539,1.0,0.9917355371900827,1.0,1.0,0.9984635083226633,0.9974779319041615,0.99800796812749,1.0,1.0,0.9965635738831615,0.9904722452361227,0.9917405934536555,1.0
144,0.998272884283247,0.996078431372549,1.0,1.0,1.0,0.9967793880837359,1.0,1.0,1.0,1.0,1.0,1.0,1.0,1.0,1.0,1.0,1.0,0.9982332155477032,1.0,1.0,1.0,1.0,1.0,0.9877254509018036,1.0,1.0,1.0,1.0,0.9984635083226633,1.0,1.0,1.0,0.9975961538461539,1.0,0.9966485127775451,0.9956816779765577,1.0
145,1.0,1.0,1.0,1.0,1.0,1.0,1.0,1.0,1.0,1.0,1.0,1.0,1.0,1.0,1.0,1.0,0.9976280834914611,0.9982332155477032,1.0,1.0,1.0,1.0,1.0,0.9882175983955879,1.0,1.0,1.0,1.0,0.9984635083226633,0.9987373737373737,0.99800796812749,1.0,1.0,0.9965753424657534,1.0,0.9902557856272838,1.0
146,0.9982698961937716,0.9960629921259843,1.0,1.0,1.0,1.0,0.9795918367346939,1.0,1.0,1.0,1.0,1.0,1.0,1.0,1.0,1.0,0.9990503323836657,0.9982394366197183,1.0,1.0,1.0,1.0,1.0,0.9894445840663483,1.0,1.0,1.0,1.0,0.9984635083226633,0.9974651457541192,0.9960238568588469,0.9861111111111112,0.9927710843373494,0.9931740614334471,0.9937473947478116,0.9929404542664211,0.9878048780487805
147,0.9965457685664939,0.9882352941176471,1.0,1.0,1.0,0.998389694041868,1.0,1.0,1.0,1.0,1.0,1.0,1.0,1.0,1.0,1.0,0.9981015662078785,0.9982363315696648,0.9905660377358491,1.0,1.0,0.9967320261437909,1.0,0.993427704752275,1.0,1.0,1.0,0.9968944099378882,0.9983356804506466,0.9899117276166457,0.9820359281437125,1.0,0.9975845410628019,1.0,0.9928840519045625,0.9884603704828424,0.9939759036144579
148,0.9965337954939342,0.9920948616600791,1.0,1.0,0.9918032786885246,1.0,0.9411764705882353,1.0,0.9886363636363636,1.0,1.0,1.0,1.0,1.0,1.0,1.0,0.9990494296577946,0.9964788732394366,1.0,1.0,0.9974160206718347,1.0,1.0,0.9862189927336508,1.0,1.0,0.9959183673469387,1.0,0.9984635083226633,0.9987325728770595,0.998,0.9861111111111112,0.9951807228915662,0.993127147766323,0.9859504132231405,0.9956843403205918,1.0
149,0.998272884283247,0.9882352941176471,1.0,1.0,0.9917355371900827,1.0,1.0,1.0,1.0,1.0,1.0,1.0,1.0,1.0,1.0,1.0,0.9990507831039392,0.9964664310954063,0.9903846153846154,1.0,1.0,1.0,1.0,0.9843672456575683,1.0,1.0,1.0,0.9968847352024922,0.998207655869927,0.9987357774968394,0.9940239043824701,0.9855072463768116,0.9975903614457832,0.9965753424657534,0.9953936348408711,0.9876132930513595,1.0
150,1.0,0.9765625,0.9942528735632183,1.0,1.0,0.998389694041868,1.0,1.0,1.0,1.0,1.0,1.0,1.0,1.0,1.0,1.0,0.9943019943019943,0.9982300884955753,1.0,1.0,0.9922480620155039,0.9967105263157895,1.0,0.9886506935687264,1.0,1.0,1.0,1.0,0.9984635083226633,0.9912060301507538,0.996,1.0,0.9952153110047847,1.0,0.99002079002079,0.9929426204357165,1.0
151,1.0,0.9840637450199203,1.0,0.992,0.991869918699187,0.9967689822294022,1.0,1.0,1.0,1.0,1.0,1.0,1.0,1.0,1.0,1.0,0.9985748218527316,0.9964788732394366,1.0,1.0,1.0,1.0,1.0,0.9804455445544554,1.0,1.0,0.9959183673469387,1.0,0.9984635083226633,1.0,1.0,1.0,1.0,0.9965870307167235,0.9991586032814472,0.9941753525444512,1.0
152,0.998272884283247,1.0,0.9770114942528736,0.984,1.0,1.0,1.0,1.0,1.0,1.0,1.0,1.0,1.0,1.0,1.0,1.0,0.9928842504743833,0.9929203539823008,1.0,1.0,1.0,1.0,1.0,0.9862189927336508,1.0,0.9918032786885246,1.0,1.0,0.9984635083226633,0.9974747474747475,0.99800796812749,1.0,0.9975961538461539,0.996551724137931,0.986782321354812,0.9887572166514738,0.9939759036144579
153,0.9913494809688581,0.9882352941176471,0.9885057471264368,1.0,1.0,1.0,1.0,1.0,1.0,1.0,1.0,1.0,1.0,1.0,1.0,1.0,0.9919354838709677,0.9929328621908127,1.0,1.0,1.0,0.996742671009772,1.0,0.9855,1.0,1.0,0.9959016393442623,0.9969040247678018,0.9984633115635805,0.9987357774968394,0.998003992015968,0.9861111111111112,1.0,0.9965870307167235,0.9958176495190297,0.9932659932659933,0.9939024390243902
154,0.9982638888888888,0.9881889763779528,1.0,0.992,1.0,0.9951534733441034,0.98,1.0,1.0,1.0,1.0,1.0,1.0,1.0,1.0,1.0,0.9981015662078785,0.9964850615114236,1.0,1.0,1.0,0.9967320261437909,1.0,0.990183740246665,1.0,1.0,0.9959183673469387,1.0,0.9984635083226633,0.9987373737373737,0.99800796812749,1.0,1.0,1.0,0.9979009235936188,0.9875304136253041,1.0
155,0.9982698961937716,0.9960629921259843,0.9828571428571429,1.0,0.991869918699187,0.9983844911147012,1.0,1.0,1.0,1.0,1.0,1.0,1.0,1.0,1.0,1.0,0.9995247148288974,0.9982332155477032,0.9905660377358491,1.0,1.0,0.996742671009772,1.0,0.996694635138571,1.0,1.0,0.9959183673469387,1.0,0.9983356804506466,1.0,0.9980119284294234,0.9859154929577465,0.9928057553956835,0.9965753424657534,0.9937473947478116,0.9929339477726574,0.9877300613496932
156,0.9948275862068966,0.992,0.9942528735632183,1.0,0.9916666666666667,0.9967845659163987,1.0,1.0,1.0,1.0,1.0,1.0,1.0,1.0,1.0,1.0,0.9947768281101614,0.9911816578483245,1.0,1.0,1.0,0.9934426229508196,0.9615384615384616,0.9899320412786308,1.0,0.9836065573770492,1.0,0.9968944099378882,0.9983354673495518,0.9962168978562421,0.9960079840319361,1.0,0.9975961538461539,0.9965753424657534,0.9924906132665833,0.9950678175092479,0.9939024390243902
157,0.998272884283247,1.0,0.9885714285714285,0.991869918699187,0.9669421487603306,1.0,1.0,1.0,0.9886363636363636,1.0,1.0,0.975,1.0,1.0,1.0,1.0,0.9962103268593084,0.9964601769911504,0.9905660377358491,1.0,1.0,0.9900662251655629,1.0,0.9840438793318375,1.0,0.9918032786885246,1.0,1.0,0.9983356804506466,0.9949302915082383,0.998003992015968,1.0,0.9975961538461539,0.9965753424657534,0.9844006568144499,0.9872495446265938,1.0
158,1.0,0.9960474308300395,1.0,1.0,1.0,0.9983922829581994,1.0,1.0,0.989010989010989,1.0,1.0,1.0,1.0,1.0,0.8888888888888888,0.75,0.9952584163110479,0.9946996466431095,1.0,1.0,1.0,1.0,1.0,0.9802371541501976,1.0,1.0,0.9958847736625515,1.0,0.9984635083226633,0.9949431099873578,1.0,1.0,0.9927710843373494,1.0,0.9871741828713281,0.9959901295496607,1.0
159,0.9982698961937716,1.0,0.9942857142857143,1.0,0.983739837398374,1.0,1.0,1.0,1.0,1.0,1.0,1.0,1.0,1.0,1.0,1.0,0.9995247148288974,0.9947089947089947,1.0,1.0,1.0,1.0,1.0,0.9914271306101866,1.0,1.0,1.0,1.0,0.9983356804506466,0.9974715549936789,0.99800796812749,1.0,0.9975903614457832,1.0,0.9904722452361227,0.9905285670638558,1.0
160,0.9930795847750865,0.9960474308300395,1.0,1.0,1.0,1.0,1.0,1.0,1.0,1.0,1.0,1.0,1.0,1.0,1.0,1.0,0.9995251661918328,0.9947089947089947,1.0,1.0,1.0,1.0,1.0,0.9867367367367368,1.0,1.0,1.0,1.0,0.9984635083226633,0.9974747474747475,0.9940119760479041,1.0,1.0,0.9965753424657534,0.9908713692946058,0.9911746804625685,1.0
161,0.9982698961937716,1.0,0.9942857142857143,0.992,1.0,1.0,1.0,1.0,1.0,1.0,1.0,1.0,1.0,1.0,1.0,1.0,1.0,0.9982363315696648,1.0,1.0,1.0,1.0,1.0,0.9961841770541847,1.0,1.0,1.0,1.0,0.9984635083226633,0.9987373737373737,0.99800796812749,1.0,1.0,1.0,1.0,0.9905343511450382,1.0
162,0.9982698961937716,1.0,1.0,1.0,1.0,1.0,0.98,1.0,0.989010989010989,1.0,1.0,1.0,1.0,1.0,1.0,1.0,0.9995251661918328,0.9982363315696648,1.0,1.0,1.0,1.0,0.9166666666666666,0.9838549428713363,1.0,0.9834710743801653,0.9959183673469387,1.0,0.9983356804506466,0.9949494949494949,0.9960079840319361,1.0,0.9975903614457832,1.0,0.9983172065628944,0.9975270479134467,1.0
163,1.0,1.0,1.0,0.992,1.0,0.9967897271268058,1.0,1.0,1.0,1.0,1.0,1.0,1.0,1.0,1.0,1.0,1.0,0.9964726631393298,1.0,1.0,1.0,1.0,1.0,0.9884942471235618,1.0,1.0,1.0,1.0,0.9984635083226633,0.9949494949494949,0.9900398406374502,1.0,0.9951923076923077,0.9965753424657534,0.9888059701492538,0.9887160719731626,1.0
164,0.998272884283247,1.0,0.9942528735632183,0.9919354838709677,1.0,1.0,1.0,1.0,1.0,1.0,1.0,1.0,1.0,1.0,1.0,1.0,0.9981024667931688,1.0,1.0,1.0,1.0,1.0,1.0,0.9909411172622044,1.0,1.0,0.9959183673469387,1.0,0.9984635083226633,0.9987357774968394,0.9960079840319361,1.0,0.9951923076923077,0.9965753424657534,0.9929196168263223,0.9929361179361179,1.0
165,1.0,1.0,0.9942857142857143,1.0,1.0,1.0,1.0,1.0,1.0,1.0,1.0,1.0,1.0,1.0,1.0,1.0,1.0,0.9982363315696648,1.0,1.0,1.0,1.0,1.0,0.9850262041427502,1.0,1.0,1.0,1.0,0.9984635083226633,1.0,1.0,1.0,1.0,0.9965870307167235,0.9888475836431226,0.9978375038616002,1.0
166,0.9982758620689656,1.0,1.0,1.0,1.0,1.0,1.0,1.0,1.0,1.0,1.0,1.0,1.0,1.0,1.0,1.0,0.9990503323836657,1.0,1.0,1.0,1.0,1.0,1.0,0.994178688939509,1.0,1.0,1.0,1.0,0.9984635083226633,0.9987357774968394,1.0,1.0,1.0,0.9965753424657534,1.0,0.9978368355995055,1.0
167,0.9965397923875432,1.0,1.0,1.0,1.0,1.0,1.0,1.0,1.0,1.0,1.0,1.0,1.0,1.0,1.0,1.0,0.9995249406175772,0.9982394366197183,0.9905660377358491,1.0,1.0,1.0,1.0,0.9857571214392804,1.0,1.0,1.0,1.0,0.9984635083226633,1.0,0.99800796812749,1.0,0.9928057553956835,1.0,0.9920701168614358,0.9990717821782178,1.0
168,0.998272884283247,1.0,1.0,1.0,1.0,1.0,1.0,1.0,1.0,1.0,1.0,1.0,1.0,1.0,1.0,1.0,0.9990498812351544,1.0,1.0,1.0,1.0,1.0,1.0,0.9877561219390305,1.0,1.0,1.0,1.0,0.9984635083226633,0.9987357774968394,0.998003992015968,1.0,0.9976019184652278,1.0,0.99790004199916,0.987812309567337,1.0
169,1.0,1.0,1.0,1.0,0.991869918699187,0.9983922829581994,1.0,1.0,1.0,1.0,1.0,1.0,1.0,1.0,1.0,1.0,0.9990512333965844,0.9964726631393298,1.0,1.0,1.0,1.0,1.0,0.9891986937955287,1.0,1.0,1.0,1.0,0.9984635083226633,1.0,0.99800796812749,1.0,1.0,0.9965870307167235,0.9920965058236273,0.9972205064854849,1.0
170,0.9982758620689656,0.9960629921259843,0.9942857142857143,1.0,1.0,1.0,1.0,1.0,1.0,1.0,1.0,1.0,1.0,1.0,1.0,1.0,0.9990503323836657,0.9964788732394366,1.0,0.9375,1.0,1.0,1.0,0.9874812218327491,1.0,1.0,1.0,1.0,0.9984635083226633,0.9949558638083228,1.0,1.0,1.0,0.9965753424657534,0.9916943521594684,0.9938631482049709,1.0
171,1.0,1.0,1.0,0.992,1.0,1.0,1.0,1.0,1.0,1.0,1.0,1.0,1.0,1.0,1.0,1.0,0.9990498812351544,0.9982363315696648,1.0,1.0,1.0,0.9967320261437909,1.0,0.9911727616645649,1.0,1.0,1.0,1.0,0.9984635083226633,0.9987357774968394,0.9980119284294234,1.0,1.0,1.0,0.9979009235936188,0.9956883276870958,1.0
172,0.9982758620689656,1.0,1.0,1.0,1.0,1.0,1.0,1.0,0.989010989010989,1.0,1.0,1.0,1.0,1.0,1.0,1.0,1.0,0.9982332155477032,1.0,1.0,1.0,1.0,1.0,0.9894419306184012,1.0,1.0,1.0,1.0,0.9984635083226633,0.9987357774968394,0.99800796812749,1.0,1.0,1.0,0.9876237623762376,0.9923500611995104,1.0
173,1.0,0.996078431372549,1.0,1.0,1.0,1.0,1.0,1.0,1.0,1.0,1.0,1.0,1.0,1.0,1.0,1.0,0.9985748218527316,0.9982300884955753,1.0,1.0,1.0,1.0,0.9615384615384616,0.986496624156039,1.0,1.0,1.0,1.0,0.9984635083226633,0.9974715549936789,0.9920318725099602,1.0,1.0,0.9965870307167235,0.9962295768747381,0.9996903065964695,1.0
174,0.9965576592082617,1.0,1.0,1.0,0.991869918699187,0.9967793880837359,1.0,1.0,0.989010989010989,1.0,1.0,1.0,1.0,1.0,1.0,1.0,0.9976258309591642,0.9947089947089947,1.0,1.0,0.9974160206718347,1.0,1.0,0.989693313222725,1.0,1.0,1.0,1.0,0.9984635083226633,0.9974587039390089,0.998003992015968,1.0,1.0,0.9965753424657534,0.9920997920997922,0.9990706319702602,1.0
175,1.0,0.9881889763779528,0.9942528735632183,1.0,1.0,0.9935691318327974,0.9795918367346939,1.0,1.0,1.0,1.0,1.0,1.0,1.0,1.0,1.0,0.9867361440075794,0.9804618117229129,1.0,1.0,0.9922480620155039,0.996742671009772,1.0,0.9881072874493927,1.0,0.9917355371900827,1.0,1.0,0.9984635083226633,0.9962025316455696,0.99800796812749,1.0,0.9951690821256038,0.9965635738831615,0.9863523573200993,0.9892802450229708,1.0
176,1.0,0.9565217391304348,0.9942528735632183,0.9838709677419355,0.9918032786885246,0.9983870967741936,1.0,1.0,1.0,1.0,1.0,0.975609756097561,1.0,1.0,1.0,1.0,0.9971550497866287,0.9929701230228472,1.0,1.0,0.9922879177377892,0.9967320261437909,1.0,0.9862603047714215,1.0,1.0,1.0,1.0,0.9984635083226633,0.9962121212121212,0.998003992015968,1.0,1.0,0.9897610921501706,0.9933082392304475,0.9929230769230769,0.9817073170731707
177,1.0,1.0,1.0,1.0,1.0,0.9983870967741936,1.0,1.0,1.0,1.0,1.0,0.975,1.0,1.0,1.0,1.0,0.9985754985754985,0.9964788732394366,1.0,1.0,1.0,0.9967320261437909,1.0,0.99093427348275,1.0,0.9917355371900827,0.9959183673469387,1.0,0.9984635083226633,0.9987357774968394,1.0,1.0,1.0,0.9965753424657534,0.9954032595068951,0.9938669119901871,1.0
178,1.0,0.9882352941176471,1.0,1.0,1.0,0.9967845659163987,1.0,1.0,1.0,1.0,1.0,1.0,1.0,1.0,1.0,1.0,0.9995249406175772,0.9982332155477032,1.0,1.0,1.0,1.0,1.0,0.9862603047714215,1.0,1.0,1.0,1.0,0.9984635083226633,0.9987341772151899,1.0,1.0,0.9952038369304557,0.9965635738831615,0.9888198757763975,0.9953789279112755,0.9939393939393939
179,1.0,0.9960629921259843,1.0,1.0,1.0,0.998389694041868,1.0,1.0,1.0,1.0,1.0,1.0,1.0,1.0,1.0,1.0,0.9985768500948766,0.9964726631393298,1.0,1.0,0.9974160206718347,1.0,1.0,0.9956841838029957,1.0,1.0,1.0,1.0,0.9984635083226633,0.9987357774968394,1.0,1.0,0.9975961538461539,0.9965753424657534,0.99581589958159,0.994475138121547,1.0
180,1.0,0.996078431372549,1.0,1.0,1.0,0.9983922829581994,1.0,1.0,1.0,1.0,1.0,1.0,1.0,1.0,1.0,1.0,0.9995251661918328,0.9982332155477032,1.0,1.0,1.0,1.0,1.0,0.9904378459989934,1.0,0.9918032786885246,1.0,1.0,0.9984635083226633,0.9987357774968394,1.0,1.0,0.9975961538461539,1.0,0.9970612930310663,0.9978368355995055,1.0
181,1.0,1.0,1.0,1.0,0.991869918699187,0.998389694041868,1.0,1.0,1.0,1.0,1.0,1.0,1.0,1.0,1.0,1.0,0.9976258309591642,0.9929203539823008,1.0,1.0,1.0,0.9934426229508196,1.0,0.9859754570498372,1.0,1.0,1.0,1.0,0.9984635083226633,0.9974747474747475,0.99800796812749,1.0,0.988009592326139,0.9965753424657534,0.9974789915966387,0.9947643979057592,1.0
182,0.996551724137931,1.0,0.9942857142857143,0.992,0.991869918699187,1.0,1.0,1.0,1.0,1.0,1.0,1.0,1.0,1.0,1.0,1.0,0.9990494296577946,0.9964726631393298,0.9903846153846154,1.0,1.0,0.9967320261437909,1.0,0.9882205513784461,1.0,0.967741935483871,1.0,1.0,0.9984635083226633,0.9974747474747475,1.0,1.0,1.0,0.9965753424657534,1.0,0.99265605875153,1.0
183,0.9965457685664939,1.0,1.0,1.0,1.0,1.0,1.0,1.0,1.0,1.0,1.0,1.0,1.0,1.0,1.0,1.0,0.9995253915519696,0.9982363315696648,1.0,1.0,1.0,1.0,1.0,0.9889724310776943,1.0,0.9917355371900827,1.0,1.0,0.9984635083226633,0.9987357774968394,1.0,1.0,1.0,1.0,0.9991589571068125,0.9929555895865237,1.0
184,1.0,0.9921259842519685,1.0,1.0,0.9918032786885246,1.0,1.0,1.0,1.0,1.0,1.0,1.0,1.0,1.0,1.0,1.0,1.0,0.9982394366197183,1.0,1.0,1.0,1.0,1.0,0.9944331983805668,1.0,1.0,1.0,1.0,0.9984635083226633,0.9987357774968394,1.0,1.0,1.0,0.9965870307167235,0.9880560131795717,0.9926695174098962,1.0
185,1.0,1.0,1.0,1.0,1.0,0.998389694041868,1.0,1.0,1.0,1.0,1.0,1.0,1.0,1.0,1.0,1.0,0.9985761746559089,0.9947275922671354,1.0,1.0,1.0,1.0,1.0,0.9909411172622044,1.0,1.0,1.0,1.0,0.9984635083226633,0.9987341772151899,1.0,1.0,1.0,0.9965753424657534,0.9987368421052631,0.9908172635445363,1.0
186,1.0,0.9960629921259843,0.9942857142857143,1.0,1.0,0.9951612903225806,1.0,1.0,1.0,1.0,1.0,1.0,1.0,1.0,1.0,1.0,0.9990507831039392,0.9982394366197183,1.0,1.0,0.9974093264248705,0.996742671009772,1.0,0.9914249684741488,1.0,1.0,1.0,1.0,0.9984635083226633,0.9987373737373737,1.0,1.0,1.0,0.9965753424657534,0.9925124792013311,0.9920489296636086,1.0
187,1.0,1.0,1.0,1.0,1.0,0.9967845659163987,1.0,1.0,1.0,1.0,1.0,1.0,1.0,1.0,1.0,1.0,0.9976258309591642,0.9982332155477032,1.0,1.0,1.0,1.0,1.0,0.9877408056042032,1.0,1.0,1.0,1.0,0.9984635083226633,1.0,1.0,1.0,1.0,0.9965870307167235,0.9974789915966387,0.9932494630254679,1.0
188,0.998272884283247,0.9921259842519685,1.0,1.0,1.0,0.9983870967741936,1.0,1.0,1.0,1.0,1.0,1.0,1.0,1.0,1.0,1.0,1.0,0.9982363315696648,1.0,1.0,1.0,1.0,1.0,0.988950276243094,1.0,0.9918032786885246,1.0,1.0,0.9984635083226633,0.9974779319041615,0.9980119284294234,1.0,1.0,1.0,0.9892339544513458,0.9866504854368932,1.0
189,1.0,0.9881889763779528,1.0,1.0,0.9917355371900827,1.0,1.0,1.0,1.0,1.0,1.0,1.0,1.0,1.0,1.0,1.0,0.9995247148288974,1.0,1.0,1.0,1.0,1.0,1.0,0.9872881355932204,1.0,1.0,1.0,1.0,0.9984635083226633,0.9974715549936789,1.0,1.0,0.9975961538461539,0.9965753424657534,0.9876186545604623,0.9914555996338114,1.0
190,1.0,1.0,1.0,1.0,1.0,0.9967845659163987,1.0,1.0,1.0,1.0,1.0,1.0,1.0,1.0,1.0,1.0,0.9995251661918328,1.0,1.0,1.0,1.0,1.0,1.0,0.9821782178217822,1.0,1.0,1.0,1.0,0.9984635083226633,0.9987373737373737,1.0,1.0,1.0,0.9965635738831615,0.99581589958159,0.9953846153846154,1.0
191,1.0,1.0,0.9942857142857143,1.0,1.0,1.0,1.0,1.0,1.0,1.0,1.0,1.0,1.0,1.0,1.0,1.0,0.9995253915519696,0.9982363315696648,1.0,1.0,1.0,1.0,1.0,0.990183740246665,1.0,1.0,1.0,1.0,0.9984635083226633,0.9974715549936789,1.0,1.0,0.9975961538461539,0.9965870307167235,0.9995793016407236,0.9966122574684324,1.0
192,1.0,1.0,1.0,1.0,1.0,1.0,1.0,1.0,1.0,1.0,1.0,1.0,1.0,1.0,1.0,1.0,1.0,0.9982332155477032,1.0,1.0,1.0,1.0,1.0,0.9870194707938093,1.0,1.0,1.0,1.0,0.9984635083226633,1.0,1.0,1.0,1.0,0.9965870307167235,0.9979009235936188,1.0,1.0
193,0.9965576592082617,1.0,1.0,0.992,1.0,1.0,1.0,1.0,1.0,1.0,1.0,1.0,1.0,1.0,1.0,1.0,1.0,0.9982363315696648,1.0,1.0,1.0,1.0,1.0,0.9879729391130042,1.0,1.0,1.0,1.0,0.9984635083226633,0.9987373737373737,1.0,1.0,1.0,0.9965753424657534,1.0,0.9875719915125796,1.0
194,0.9982758620689656,1.0,1.0,1.0,1.0,0.9983922829581994,1.0,1.0,1.0,1.0,1.0,1.0,1.0,1.0,1.0,1.0,0.9985761746559089,1.0,1.0,1.0,1.0,1.0,1.0,0.9939255884586181,1.0,1.0,1.0,1.0,0.9984635083226633,1.0,1.0,1.0,1.0,0.9965870307167235,0.9868149979398434,0.9953831948291783,0.9878048780487805
195,1.0,1.0,0.9942857142857143,1.0,1.0,1.0,1.0,1.0,1.0,0.9565217391304348,1.0,1.0,1.0,1.0,1.0,1.0,0.9990512333965844,0.9982332155477032,1.0,1.0,1.0,0.996742671009772,1.0,0.9853160776505724,1.0,1.0,1.0,1.0,0.9984635083226633,0.9987373737373737,1.0,0.9859154929577465,0.9976019184652278,1.0,0.9852519459238017,0.9863801452784504,1.0
196,1.0,1.0,1.0,1.0,1.0,1.0,1.0,1.0,1.0,1.0,1.0,1.0,1.0,1.0,1.0,1.0,1.0,0.9982332155477032,1.0,1.0,1.0,1.0,1.0,0.9926896899420217,1.0,1.0,1.0,1.0,0.9984635083226633,0.9987357774968394,1.0,1.0,1.0,1.0,0.9937629937629938,0.996,1.0
197,1.0,1.0,1.0,1.0,1.0,1.0,1.0,1.0,1.0,1.0,1.0,1.0,1.0,1.0,1.0,1.0,1.0,0.9982394366197183,1.0,1.0,1.0,1.0,1.0,0.9911949685534591,1.0,1.0,1.0,1.0,0.9984635083226633,1.0,1.0,1.0,1.0,0.9965753424657534,0.9941544885177453,0.9956909818405664,1.0
198,1.0,1.0,1.0,1.0,1.0,1.0,1.0,1.0,1.0,1.0,1.0,1.0,1.0,1.0,1.0,1.0,1.0,1.0,1.0,1.0,1.0,1.0,1.0,0.993933265925177,1.0,1.0,1.0,1.0,0.9984635083226633,0.9987357774968394,1.0,1.0,1.0,0.9965753424657534,1.0,0.9956883276870958,1.0
199,0.9982758620689656,1.0,1.0,1.0,1.0,1.0,1.0,1.0,1.0,1.0,1.0,1.0,1.0,1.0,1.0,1.0,0.9995253915519696,0.9982363315696648,1.0,1.0,1.0,1.0,1.0,0.992914979757085,1.0,1.0,1.0,1.0,0.9984635083226633,0.9987357774968394,1.0,1.0,1.0,0.9965753424657534,0.9925,0.9920318725099602,1.0
200,1.0,0.9920948616600791,1.0,1.0,1.0,1.0,1.0,1.0,0.989010989010989,1.0,1.0,1.0,1.0,1.0,1.0,1.0,1.0,1.0,0.9905660377358491,1.0,1.0,1.0,1.0,0.9906894816305989,1.0,1.0,1.0,1.0,0.9984635083226633,0.9987357774968394,0.9980119284294234,1.0,1.0,0.9965753424657534,0.9933554817275747,0.9972273567467652,1.0
